household_key,recency,frequency,monetary,recency_rfm,frequency_rfm,monetary_rfm,segmentasi
1199,430,7,163.57,1,1,1,LOST
739,422,6,160.06,1,1,1,LOST
1275,420,8,137.63,1,1,1,LOST
298,419,7,224.86,1,1,1,LOST
2249,406,3,181.51,1,1,1,LOST
2009,395,33,1506.88,1,2,2,LOST
130,373,20,511.62,1,1,1,LOST
2306,370,8,62.06,1,1,1,LOST
355,340,7,340.34,1,1,1,LOST
948,339,4,304.85,1,1,1,LOST
689,324,3,28.96,1,1,1,LOST
1365,322,9,103.65,1,1,1,LOST
173,317,10,234.97,1,1,1,LOST
2164,311,40,1596.48,1,2,2,LOST
1035,304,4,183.04,1,1,1,LOST
1327,302,9,477.17,1,1,1,LOST
11,299,5,33.39,1,1,1,LOST
1472,294,4,269.54,1,1,1,LOST
870,293,12,241.41,1,1,1,LOST
1674,292,8,120.28,1,1,1,LOST
1026,280,26,412.54,1,1,1,LOST
1626,272,2,42.96,1,1,1,LOST
2422,270,5,368.07,1,1,1,LOST
1411,268,6,131.52,1,1,1,LOST
2246,259,5,321.35,1,1,1,LOST
500,258,5,84.82,1,1,1,LOST
2443,258,153,4029.19,1,4,4,RISK OF LOSING
231,258,9,325.68,1,1,1,LOST
1757,257,10,253.11,1,1,1,LOST
272,254,7,401.62,1,1,1,LOST
2051,249,288,4923.16,1,5,4,RISK OF LOSING
1610,245,11,164.49,1,1,1,LOST
634,242,35,1555.15,1,2,2,LOST
1863,242,14,411.45,1,1,1,LOST
2476,230,14,403.26,1,1,1,LOST
559,222,27,249.34,1,1,1,LOST
440,222,6,83.88,1,1,1,LOST
522,220,3,29.34,1,1,1,LOST
2106,219,52,2807.03,1,2,4,RISK OF LOSING
2463,216,12,158.42,1,1,1,LOST
54,216,11,103.09,1,1,1,LOST
1516,215,15,189.66,1,1,1,LOST
372,215,10,440.42,1,1,1,LOST
1162,214,33,431.76,1,2,1,LOST
1122,213,77,1236.98,1,3,2,RISK OF LOSING
828,211,37,1123.16,1,2,2,LOST
12,207,7,266.21,1,1,1,LOST
2166,204,30,84.21,1,1,1,LOST
1974,201,198,5266,1,5,5,RISK OF LOSING
1478,198,6,88.59,1,1,1,LOST
775,197,33,1121,1,2,2,LOST
572,195,45,903.15,1,2,2,LOST
179,189,38,620.56,1,2,1,LOST
1888,188,11,135.61,1,1,1,LOST
704,187,9,76.53,1,1,1,LOST
1371,180,45,835.71,1,2,2,LOST
651,180,8,370.53,1,1,1,LOST
584,176,56,1098.3,1,2,2,LOST
645,169,49,429.06,1,2,1,LOST
2493,168,111,2588.73,1,4,3,RISK OF LOSING
678,167,57,459.17,1,2,1,LOST
499,167,70,753.36,1,3,1,RISK OF LOSING
1232,166,22,488.49,1,1,1,LOST
760,162,70,1872.52,1,3,3,RISK OF LOSING
1934,162,15,542.87,1,1,1,LOST
1309,161,9,158.48,1,1,1,LOST
1469,161,44,1160,1,2,2,LOST
38,160,27,706.13,1,1,1,LOST
93,160,106,3346.72,1,4,4,RISK OF LOSING
1150,159,14,845.39,1,1,2,LOST
1059,156,5,72.91,1,1,1,LOST
649,155,55,1553.45,1,2,2,LOST
1840,155,37,337.21,1,2,1,LOST
370,155,133,3386.78,1,4,4,RISK OF LOSING
874,154,5,222.22,1,1,1,LOST
1031,154,146,4232.12,1,4,4,RISK OF LOSING
1028,153,12,121.91,1,1,1,LOST
2092,152,122,2290.54,1,4,3,RISK OF LOSING
509,144,16,277.14,1,1,1,LOST
917,143,44,488.48,1,2,1,LOST
1468,143,81,4131.73,1,3,4,RISK OF LOSING
2254,142,80,1270.35,1,3,2,RISK OF LOSING
682,142,217,4438.29,1,5,4,RISK OF LOSING
2491,141,62,9.507.700.000.000.000.000.000.000,1,3,2,RISK OF LOSING
1828,141,86,5813.77,1,3,5,RISK OF LOSING
1603,141,11,492.72,1,1,1,LOST
990,141,16,247.12,1,1,1,LOST
444,140,44,1261.62,1,2,2,LOST
620,140,19,304.98,1,1,1,LOST
2304,137,88,240.09,1,3,1,RISK OF LOSING
416,136,29,2177.04,1,1,3,RISK OF LOSING
2316,134,27,751.89,1,1,1,LOST
1308,132,23,320.58,1,1,1,LOST
363,130,4,52.4,1,1,1,LOST
1022,130,36,263.27,1,2,1,LOST
2329,130,100,2722.37,1,4,3,RISK OF LOSING
2073,128,72,1697.23,1,3,3,RISK OF LOSING
783,125,17,387.34,1,1,1,LOST
1973,125,130,1683.55,1,4,3,RISK OF LOSING
1009,125,23,125.52,1,1,1,LOST
642,124,64,2208.34,1,3,3,RISK OF LOSING
45,124,57,807.09,1,2,2,LOST
1908,123,38,714.31,1,2,1,LOST
746,123,39,569.05,1,2,1,LOST
963,123,43,2036.66,1,2,3,RISK OF LOSING
835,123,17,273.81,1,1,1,LOST
423,122,14,230.85,1,1,1,LOST
2096,120,26,1301.65,1,1,2,LOST
2150,120,8,69.32,1,1,1,LOST
2052,120,6,131.83,1,1,1,LOST
181,119,39,1670.82,1,2,3,RISK OF LOSING
1825,118,43,1831.84,1,2,3,RISK OF LOSING
1243,117,15,249.7,1,1,1,LOST
1118,116,16,945.89,1,1,2,LOST
1482,116,18,1042.35,1,1,2,LOST
1436,115,8,134.89,1,1,1,LOST
2436,115,15,972.68,1,1,2,LOST
683,114,9,170.06,1,1,1,LOST
2045,114,19,310.64,1,1,1,LOST
2157,113,12,390.7,1,1,1,LOST
2414,111,6,178.68,1,1,1,LOST
555,110,21,561.03,1,1,1,LOST
2382,109,36,822.64,1,2,2,LOST
2403,109,10,118.69,1,1,1,LOST
1582,109,37,1907.02,1,2,3,RISK OF LOSING
2473,108,9,330.68,1,1,1,LOST
892,106,22,443.31,1,1,1,LOST
833,106,34,1975.56,1,2,3,RISK OF LOSING
918,106,152,3135.38,1,4,4,RISK OF LOSING
619,106,5,168.98,1,1,1,LOST
571,106,16,1114.16,1,1,2,LOST
921,106,9,101.3,1,1,1,LOST
902,105,10,135.23,1,1,1,LOST
1311,104,17,685.63,1,1,1,LOST
2391,104,54,633.92,1,2,1,LOST
1286,103,30,595,1,1,1,LOST
150,103,6,230.35,1,1,1,LOST
2177,103,3,133.5,1,1,1,LOST
950,101,58,2027,1,2,3,RISK OF LOSING
778,101,123,2285.59,1,4,3,RISK OF LOSING
2178,101,152,3681.13,1,4,4,RISK OF LOSING
2143,101,9,298.65,1,1,1,LOST
176,100,23,788.29,1,1,2,LOST
1561,100,6,401.41,1,1,1,LOST
391,98,49,1412.64,1,2,2,LOST
1910,97,26,741.83,1,1,1,LOST
912,95,20,1164.11,1,1,2,LOST
2013,95,94,1182.47,1,3,2,RISK OF LOSING
2356,94,98,2159.78,1,3,3,RISK OF LOSING
1444,93,23,323.99,1,1,1,LOST
2433,93,30,609.75,1,1,1,LOST
2413,93,17,301.41,1,1,1,LOST
763,92,40,2815.58,1,2,4,RISK OF LOSING
504,91,7,516.34,1,1,1,LOST
821,91,17,464.56,1,1,1,LOST
1396,91,229,7177.06,1,5,5,RISK OF LOSING
1435,91,13,511.78,1,1,1,LOST
639,91,79,7.598.300.000.000.000.000.000.000,1,3,1,RISK OF LOSING
1237,90,20,1051.16,1,1,2,LOST
1063,90,57,1327.48,1,2,2,LOST
1772,90,97,2452.88,1,3,3,RISK OF LOSING
1253,89,24,570.15,1,1,1,LOST
791,89,21,303.01,1,1,1,LOST
2318,89,366,10685.72,1,5,5,RISK OF LOSING
1670,87,19,96.48,1,1,1,LOST
1315,87,5,645.36,1,1,1,LOST
2390,87,47,1046.59,1,2,2,LOST
309,87,22,2325.59,1,1,3,RISK OF LOSING
1449,86,39,405.83,1,2,1,LOST
137,85,38,1062.17,1,2,2,LOST
1348,85,23,324.22,1,1,1,LOST
4,84,30,1200.11,1,1,2,LOST
315,84,11,182.19,1,1,1,LOST
2152,84,25,156.55,1,1,1,LOST
340,84,29,1057.56,1,1,2,LOST
2180,83,44,936.39,1,2,2,LOST
44,83,32,877.76,1,1,2,LOST
1860,82,58,753.42,1,2,1,LOST
2104,82,29,494.57,1,1,1,LOST
629,81,27,377.49,1,1,1,LOST
1736,81,22,374.48,1,1,1,LOST
2098,79,13,682.46,1,1,1,LOST
1616,79,38,1235.72,1,2,2,LOST
535,79,34,1308.76,1,2,2,LOST
1220,79,31,787.04,1,1,2,LOST
492,78,117,7148.28,1,4,5,RISK OF LOSING
546,78,122,3339,1,4,4,RISK OF LOSING
1675,78,102,4862.09,1,4,4,RISK OF LOSING
1522,78,35,1086.56,1,2,2,LOST
1441,77,13,401.47,1,1,1,LOST
445,75,232,2696.5,1,5,3,RISK OF LOSING
2309,75,12,275.01,1,1,1,LOST
1143,75,12,173.31,1,1,1,LOST
860,75,52,261.06,1,2,1,LOST
1986,74,12,230.06,1,1,1,LOST
341,74,30,393.5,1,1,1,LOST
1341,74,13,434.77,1,1,1,LOST
1173,74,41,655.77,1,2,1,LOST
154,74,30,867.18,1,1,2,LOST
899,73,12,315.15,1,1,1,LOST
1254,73,6,252.31,1,1,1,LOST
1156,73,29,999.33,1,1,2,LOST
89,73,11,177.56,1,1,1,LOST
1033,71,26,1366.97,1,1,2,LOST
1977,71,30,357.99,1,1,1,LOST
419,70,46,1696.61,1,2,3,RISK OF LOSING
756,70,24,690.42,1,1,1,LOST
2165,70,11,182.1,1,1,1,LOST
403,69,46,914.56,1,2,2,LOST
2396,69,17,550.48,1,1,1,LOST
2035,69,68,1083.62,1,3,2,RISK OF LOSING
910,69,34,1158.11,1,2,2,LOST
2144,69,49,2265.9,1,2,3,RISK OF LOSING
938,69,26,1647.36,1,1,3,RISK OF LOSING
1681,67,90,2602.28,1,3,3,RISK OF LOSING
2220,67,15,215.58,1,1,1,LOST
2495,67,20,209,1,1,1,LOST
599,67,5,357.78,1,1,1,LOST
1095,67,30,599.54,1,1,1,LOST
2061,66,18,226.71,1,1,1,LOST
1711,66,11,664.98,1,1,1,LOST
1984,66,3,38.94,1,1,1,LOST
476,66,29,15.512.700.000.000.000.000.000.000,1,1,2,LOST
2097,66,202,8823.83,1,5,5,RISK OF LOSING
2074,66,29,678.72,1,1,1,LOST
2398,66,76,2035.1,1,3,3,RISK OF LOSING
1921,64,104,1460.12,1,4,2,RISK OF LOSING
2210,63,34,1727.97,1,2,3,RISK OF LOSING
1099,63,28,683.13,1,1,1,LOST
1107,63,22,877.32,1,1,2,LOST
1048,63,103,1934.45,1,4,3,RISK OF LOSING
1771,62,11,532.2,1,1,1,LOST
2044,62,49,1000.84,1,2,2,LOST
144,62,88,2126.31,1,3,3,RISK OF LOSING
532,62,23,401.88,1,1,1,LOST
2255,62,21,570.03,1,1,1,LOST
1170,62,7,68.45,1,1,1,LOST
2383,62,18,555.64,1,1,1,LOST
261,61,44,1241.87,1,2,2,LOST
2332,61,16,353.8,1,1,1,LOST
2227,61,173,4893.9,1,5,4,RISK OF LOSING
1866,61,15,159.05,1,1,1,LOST
149,60,215,11920.93,1,5,5,RISK OF LOSING
925,60,79,485.24,1,3,1,RISK OF LOSING
1448,60,80,1927.33,1,3,3,RISK OF LOSING
737,60,52,1593.51,1,2,2,LOST
1574,60,28,3616.03,1,1,4,RISK OF LOSING
1424,60,57,595.22,1,2,1,LOST
496,59,13,648.4,1,1,1,LOST
1460,59,57,2455.68,1,2,3,RISK OF LOSING
238,59,28,693.4,1,1,1,LOST
2140,59,51,1567.89,1,2,2,LOST
1565,59,31,447.91,1,1,1,LOST
207,58,21,995.72,1,1,2,LOST
120,58,19,242.32,1,1,1,LOST
1714,58,9,264.72,1,1,1,LOST
1251,57,53,325.77,1,2,1,LOST
163,57,17,272.52,1,1,1,LOST
966,57,16,202.06,1,1,1,LOST
1420,57,79,3891.97,1,3,4,RISK OF LOSING
237,57,6,549.59,1,1,1,LOST
1016,57,40,3089.84,1,2,4,RISK OF LOSING
1746,57,49,2177.16,1,2,3,RISK OF LOSING
2355,57,16,111.34,1,1,1,LOST
1786,56,44,409.73,1,2,1,LOST
206,56,15,386.6,1,1,1,LOST
751,56,27,521.04,1,1,1,LOST
2430,56,60,1885.95,1,3,3,RISK OF LOSING
635,56,34,362.9,1,2,1,LOST
279,56,53,1816.62,1,2,3,RISK OF LOSING
175,56,51,1154.02,1,2,2,LOST
1702,55,30,1927.05,1,1,3,RISK OF LOSING
1505,55,103,4053.23,1,4,4,RISK OF LOSING
774,55,16,909.96,1,1,2,LOST
1032,55,92,2473.76,1,3,3,RISK OF LOSING
182,55,36,1162.34,1,2,2,LOST
686,55,21,534.57,1,1,1,LOST
74,55,131,2047.64,1,4,3,RISK OF LOSING
2348,54,56,278.87,1,2,1,LOST
1496,54,12,852.95,1,1,2,LOST
1372,53,25,1337.07,1,1,2,LOST
592,53,34,660.79,1,2,1,LOST
933,53,79,2175.19,1,3,3,RISK OF LOSING
1036,53,27,1231.17,1,1,2,LOST
2268,53,23,668.96,1,1,1,LOST
1894,53,42,2335.47,1,2,3,RISK OF LOSING
1498,53,26,960.18,1,1,2,LOST
1834,52,135,3769.5,1,4,4,RISK OF LOSING
2286,52,26,989.26,1,1,2,LOST
519,52,32,819.13,1,1,2,LOST
1439,52,33,555.56,1,2,1,LOST
1503,51,18,117.69,1,1,1,LOST
905,51,31,851.93,1,1,2,LOST
724,51,26,639.3,1,1,1,LOST
1615,51,42,869.28,1,2,2,LOST
1656,51,10,458.22,1,1,1,LOST
1140,51,21,1164.18,1,1,2,LOST
2093,50,19,490.98,1,1,1,LOST
1820,50,77,4208.08,1,3,4,RISK OF LOSING
1101,50,16,190.78,1,1,1,LOST
488,50,20,406.96,1,1,1,LOST
1477,50,15,279.2,1,1,1,LOST
1392,50,109,2315.07,1,4,3,RISK OF LOSING
1079,49,50,1001.3,1,2,2,LOST
2362,49,41,520.29,1,2,1,LOST
73,49,164,2864.18,1,5,4,RISK OF LOSING
1006,49,11,161.48,1,1,1,LOST
2468,49,90,2506.89,1,3,3,RISK OF LOSING
2230,49,38,1195.65,1,2,2,LOST
1980,49,54,4443.15,1,2,4,RISK OF LOSING
2251,49,26,2022.54,1,1,3,RISK OF LOSING
851,49,21,166.78,1,1,1,LOST
2357,49,29,234.37,1,1,1,LOST
782,48,70,1557.05,1,3,2,RISK OF LOSING
1386,48,8,111.15,1,1,1,LOST
1629,48,9,590.71,1,1,1,LOST
399,48,17,978.48,1,1,2,LOST
472,48,96,8295.58,1,3,5,RISK OF LOSING
1635,48,20,128.98,1,1,1,LOST
1570,47,51,2389.96,1,2,3,RISK OF LOSING
1262,47,29,769.72,1,1,2,LOST
1030,47,30,1260.29,1,1,2,LOST
1564,47,36,437.77,1,2,1,LOST
991,46,31,1419.88,1,1,2,LOST
2291,46,55,439.03,1,2,1,LOST
1343,46,12,267.19,1,1,1,LOST
252,46,9,93.78,1,1,1,LOST
1091,45,116,5617.4,1,4,5,RISK OF LOSING
2420,45,102,4583.46,1,4,4,RISK OF LOSING
967,45,10,299.38,1,1,1,LOST
1521,45,43,753.95,1,2,1,LOST
1645,45,8,296.52,1,1,1,LOST
1471,44,32,486.72,1,1,1,LOST
1043,43,19,988.73,1,1,2,LOST
2,43,45,1954.34,1,2,3,RISK OF LOSING
1925,43,118,3019.2,1,4,4,RISK OF LOSING
556,43,15,693.86,1,1,1,LOST
226,43,50,1205.06,1,2,2,LOST
931,43,42,4967.07,1,2,4,RISK OF LOSING
1480,43,27,152.21,1,1,1,LOST
757,43,40,2023.37,1,2,3,RISK OF LOSING
487,42,9,133.68,1,1,1,LOST
347,42,15,540.76,1,1,1,LOST
62,42,33,359.29,1,2,1,LOST
1508,42,81,1849.2,1,3,3,RISK OF LOSING
190,42,23,696.28,1,1,1,LOST
121,42,112,2225.58,1,4,3,RISK OF LOSING
1532,42,86,1916.02,1,3,3,RISK OF LOSING
174,42,27,1208.39,1,1,2,LOST
1904,41,28,304.26,1,1,1,LOST
2155,41,11,313.83,1,1,1,LOST
1750,41,20,736.42,1,1,1,LOST
466,41,17,423.32,1,1,1,LOST
795,40,45,1295.91,1,2,2,LOST
1959,40,104,5592.54,1,4,5,RISK OF LOSING
65,40,122,2042.17,1,4,3,RISK OF LOSING
2029,40,46,1688.9,1,2,3,RISK OF LOSING
2175,40,17,610.22,1,1,1,LOST
327,40,27,226.71,1,1,1,LOST
122,40,132,2354.22,1,4,3,RISK OF LOSING
1539,39,10,79.41,1,1,1,LOST
2434,39,23,771.51,1,1,2,LOST
232,39,631,12695.57,1,5,5,RISK OF LOSING
241,39,16,199.73,1,1,1,LOST
1149,39,17,307.91,1,1,1,LOST
1060,39,64,6096.93,1,3,5,RISK OF LOSING
1909,38,22,546.99,1,1,1,LOST
1647,38,12,50.49,1,1,1,LOST
880,38,12,197.39,1,1,1,LOST
1360,38,23,630.19,1,1,1,LOST
86,38,46,4019.44,1,2,4,RISK OF LOSING
480,38,92,3646.39,1,3,4,RISK OF LOSING
1012,38,121,2342.51,1,4,3,RISK OF LOSING
1632,38,64,2104.91,1,3,3,RISK OF LOSING
2368,38,27,1377.69,1,1,2,LOST
537,37,45,1411.25,1,2,2,LOST
225,37,44,729.82,1,2,1,LOST
2276,37,31,1007.97,1,1,2,LOST
1895,37,49,927.56,1,2,2,LOST
1666,37,82,1078.47,1,3,2,RISK OF LOSING
1157,37,104,2779.86,1,4,4,RISK OF LOSING
2163,37,14,356.1,1,1,1,LOST
1123,37,73,3915.81,1,3,4,RISK OF LOSING
274,37,15,120.07,1,1,1,LOST
183,37,136,1560.67,1,4,2,RISK OF LOSING
366,36,48,615.78,1,2,1,LOST
2026,36,18,1181.63,1,1,2,LOST
382,36,34,694.7,1,2,1,LOST
169,36,24,255.58,1,1,1,LOST
213,36,9,606.5,1,1,1,LOST
1214,36,7,122.95,1,1,1,LOST
267,36,26,385.56,1,1,1,LOST
50,36,15,351.39,1,1,1,LOST
1112,35,52,1889.45,1,2,3,RISK OF LOSING
610,35,24,573.06,1,1,1,LOST
1518,35,34,1373.77,1,2,2,LOST
1464,35,76,2474.4,1,3,3,RISK OF LOSING
478,35,20,286.02,1,1,1,LOST
268,35,30,809.21,1,1,2,LOST
1950,35,31,746.74,1,1,1,LOST
2072,35,12,278.28,1,1,1,LOST
90,34,10,490.41,1,1,1,LOST
2135,34,45,779.29,1,2,2,LOST
1183,34,9,260.04,1,1,1,LOST
1951,34,18,561.48,1,1,1,LOST
1108,34,22,292.1,1,1,1,LOST
602,34,53,1850.07,1,2,3,RISK OF LOSING
1734,34,19,161.78,1,1,1,LOST
244,34,41,1698.95,1,2,3,RISK OF LOSING
1700,34,33,1606.69,1,2,2,LOST
333,33,39,1248.81,1,2,2,LOST
1342,33,12,160.02,1,1,1,LOST
1331,33,105,1821.03,1,4,3,RISK OF LOSING
854,33,36,551.87,1,2,1,LOST
1903,33,40,1152.32,1,2,2,LOST
2271,33,46,361.88,1,2,1,LOST
1886,33,31,406.25,1,1,1,LOST
2352,32,43,1255.85,1,2,2,LOST
1882,32,26,405.54,1,1,1,LOST
1205,32,186,4383.72,1,5,4,RISK OF LOSING
2212,32,46,251.33,1,2,1,LOST
1380,32,25,349.81,1,1,1,LOST
576,32,167,3750.12,1,5,4,RISK OF LOSING
1789,32,23,293.19,1,1,1,LOST
2363,32,43,843.76,1,2,2,LOST
1523,32,67,1668.3,1,3,3,RISK OF LOSING
220,32,91,2525.24,1,3,3,RISK OF LOSING
2457,32,77,1540.47,1,3,2,RISK OF LOSING
2081,32,35,921.84,1,2,2,LOST
1654,32,40,786.53,1,2,2,LOST
943,32,144,3434.14,1,4,4,RISK OF LOSING
767,32,13,562.77,1,1,1,LOST
1319,32,48,1059.79,1,2,2,LOST
1738,31,62,1379.36,1,3,2,RISK OF LOSING
1502,31,47,2160.82,1,2,3,RISK OF LOSING
264,31,61,1783.07,1,3,3,RISK OF LOSING
1811,31,16,852.56,1,1,2,LOST
1723,31,86,4469.22,1,3,4,RISK OF LOSING
640,31,92,2253.25,1,3,3,RISK OF LOSING
2174,31,39,644.33,1,2,1,LOST
942,31,215,5890.14,1,5,5,RISK OF LOSING
1657,30,50,647.9,1,2,1,LOST
1221,30,15,652.34,1,1,1,LOST
1069,30,55,3433.27,1,2,4,RISK OF LOSING
2223,30,300,2059.76,1,5,3,RISK OF LOSING
1305,30,373,7552.93,1,5,5,RISK OF LOSING
1780,30,43,1413.68,1,2,2,LOST
940,30,65,1261.62,1,3,2,RISK OF LOSING
1090,29,12,307.87,1,1,1,LOST
2131,29,140,3982.87,1,4,4,RISK OF LOSING
1196,29,27,1915.95,1,1,3,RISK OF LOSING
21,29,27,870.11,1,1,2,LOST
1843,29,42,770.15,1,2,2,LOST
1121,29,61,2486.64,1,3,3,RISK OF LOSING
107,29,41,1222.83,1,2,2,LOST
1263,29,126,5257.44,1,4,5,RISK OF LOSING
2176,29,195,2601.56,1,5,3,RISK OF LOSING
2482,29,71,2728.77,1,3,3,RISK OF LOSING
2294,29,186,8381.66,1,5,5,RISK OF LOSING
495,29,73,3050.52,1,3,4,RISK OF LOSING
1259,29,33,1163.62,1,2,2,LOST
1688,28,36,971.12,1,2,2,LOST
1931,28,101,2211.08,1,4,3,RISK OF LOSING
2302,28,74,1960.24,1,3,3,RISK OF LOSING
1003,28,63,2588.73,1,3,3,RISK OF LOSING
1954,28,143,1965.65,1,4,3,RISK OF LOSING
2496,28,63,4339.66,1,3,4,RISK OF LOSING
1624,28,82,1567.81,1,3,2,RISK OF LOSING
1403,28,151,3673.26,1,4,4,RISK OF LOSING
1401,28,52,587.37,1,2,1,LOST
2042,28,29,4809.05,1,1,4,RISK OF LOSING
2374,28,82,6249.35,1,3,5,RISK OF LOSING
557,28,29,718.46,1,1,1,LOST
2399,28,10,188.49,1,1,1,LOST
2031,28,15,306.37,1,1,1,LOST
984,27,32,1219.71,1,1,2,LOST
245,27,48,1396.45,1,2,2,LOST
461,27,39,664.8,1,2,1,LOST
1543,27,84,2612.4,1,3,3,RISK OF LOSING
525,27,40,902.77,1,2,2,LOST
548,27,93,4255.83,1,3,4,RISK OF LOSING
1648,27,116,5250.36,1,4,5,RISK OF LOSING
1992,27,30,528.65,1,1,1,LOST
544,27,131,15.948.500.000.000.000.000.000.000,1,4,2,RISK OF LOSING
1737,27,27,350.94,1,1,1,LOST
1838,27,34,1179.61,1,2,2,LOST
1182,27,124,1966.38,1,4,3,RISK OF LOSING
894,27,31,1095.29,2,1,2,OCCASIONAL CUSTOMER
1957,27,44,1994.23,2,2,3,OCCASIONAL CUSTOMER
59,27,44,1688.33,2,2,3,OCCASIONAL CUSTOMER
846,27,34,1120.9,2,2,2,OCCASIONAL CUSTOMER
969,27,8,311.59,2,1,1,OCCASIONAL CUSTOMER
1862,27,142,2210.04,2,4,3,REGULAR
2323,27,29,781.34,2,1,2,OCCASIONAL CUSTOMER
2145,27,38,1090.62,2,2,2,OCCASIONAL CUSTOMER
1701,27,31,1390.28,2,1,2,OCCASIONAL CUSTOMER
481,26,49,2055.92,2,2,3,OCCASIONAL CUSTOMER
2137,26,186,2970.14,2,5,4,REGULAR
2475,26,124,5079.02,2,4,4,REGULAR
659,26,32,760.89,2,1,2,OCCASIONAL CUSTOMER
300,26,107,4974.31,2,4,4,REGULAR
1200,26,30,1619.45,2,1,2,OCCASIONAL CUSTOMER
10,26,9,234.34,2,1,1,OCCASIONAL CUSTOMER
66,26,29,395.95,2,1,1,OCCASIONAL CUSTOMER
1212,26,6,195.27,2,1,1,OCCASIONAL CUSTOMER
1456,26,69,1506.5,2,3,2,REGULAR
2025,26,33,1119.54,2,2,2,OCCASIONAL CUSTOMER
826,26,26,203.01,2,1,1,OCCASIONAL CUSTOMER
39,26,64,5033.66,2,3,4,REGULAR
1583,26,20,338.28,2,1,1,OCCASIONAL CUSTOMER
1096,26,47,592.36,2,2,1,OCCASIONAL CUSTOMER
2048,26,47,1538.46,2,2,2,OCCASIONAL CUSTOMER
1855,25,11,251.95,2,1,1,OCCASIONAL CUSTOMER
1450,25,90,1647.2,2,3,3,REGULAR
2339,25,10,262.42,2,1,1,OCCASIONAL CUSTOMER
2465,25,165,2089.29,2,5,3,REGULAR
330,25,189,1679.38,2,5,3,REGULAR
812,25,93,1165.27,2,3,2,REGULAR
2320,25,25,369.59,2,1,1,OCCASIONAL CUSTOMER
2487,25,26,601.25,2,1,1,OCCASIONAL CUSTOMER
772,25,42,271.88,2,2,1,OCCASIONAL CUSTOMER
424,24,24,2441.79,2,1,3,OCCASIONAL CUSTOMER
1608,24,40,1399.89,2,2,2,OCCASIONAL CUSTOMER
336,24,120,3089.74,2,4,4,REGULAR
758,24,17,344.92,2,1,1,OCCASIONAL CUSTOMER
2278,24,46,1160.57,2,2,2,OCCASIONAL CUSTOMER
1433,24,8,70.04,2,1,1,OCCASIONAL CUSTOMER
1617,24,104,4067.8,2,4,4,REGULAR
2111,24,123,2590.37,2,4,3,REGULAR
814,24,23,773.76,2,1,2,OCCASIONAL CUSTOMER
111,24,51,1515.65,2,2,2,OCCASIONAL CUSTOMER
735,24,92,1062.25,2,3,2,REGULAR
2002,24,63,2465.12,2,3,3,REGULAR
2480,24,29,1716.05,2,1,3,OCCASIONAL CUSTOMER
2389,23,62,1485.44,2,3,2,REGULAR
1080,23,84,2206.11,2,3,3,REGULAR
1105,23,9,500.14,2,1,1,OCCASIONAL CUSTOMER
2353,23,14,412.75,2,1,1,OCCASIONAL CUSTOMER
1322,23,16,260.65,2,1,1,OCCASIONAL CUSTOMER
1945,23,19,1020.57,2,1,2,OCCASIONAL CUSTOMER
1416,23,6,91.65,2,1,1,OCCASIONAL CUSTOMER
2236,23,219,2880.5,2,5,4,REGULAR
1870,23,37,303.6,2,2,1,OCCASIONAL CUSTOMER
2114,23,156,3170.28,2,4,4,REGULAR
291,23,61,2474.49,2,3,3,REGULAR
1680,23,51,2039.68,2,2,3,OCCASIONAL CUSTOMER
1442,22,29,312.5,2,1,1,OCCASIONAL CUSTOMER
875,22,68,1473.27,2,3,2,REGULAR
17,22,124,5139.63,2,4,5,REGULAR
108,22,62,2671.16,2,3,3,REGULAR
1280,22,24,427.63,2,1,1,OCCASIONAL CUSTOMER
9,22,20,797.42,2,1,2,OCCASIONAL CUSTOMER
2327,22,43,1267.76,2,2,2,OCCASIONAL CUSTOMER
1087,22,149,3010.24,2,4,4,REGULAR
320,22,19,497.41,2,1,1,OCCASIONAL CUSTOMER
1134,22,51,5050.53,2,2,4,OCCASIONAL CUSTOMER
2138,22,66,1878.48,2,3,3,REGULAR
1054,22,41,1035.19,2,2,2,OCCASIONAL CUSTOMER
1335,22,31,978.87,2,1,2,OCCASIONAL CUSTOMER
1075,22,67,1469.02,2,3,2,REGULAR
1345,21,56,1348.56,2,2,2,OCCASIONAL CUSTOMER
1712,21,33,728.93,2,2,1,OCCASIONAL CUSTOMER
2046,21,48,638.8,2,2,1,OCCASIONAL CUSTOMER
585,21,42,805.07,2,2,2,OCCASIONAL CUSTOMER
935,21,57,1564.67,2,2,2,OCCASIONAL CUSTOMER
2477,21,40,1871.22,2,2,3,OCCASIONAL CUSTOMER
1776,21,231,3724.26,2,5,4,REGULAR
1437,21,99,4775.56,2,3,4,REGULAR
1765,21,62,2949.01,2,3,4,REGULAR
872,21,9,172.07,2,1,1,OCCASIONAL CUSTOMER
2113,21,60,1599.08,2,3,2,REGULAR
2474,21,49,511.41,2,2,1,OCCASIONAL CUSTOMER
319,21,109,3758.5,2,4,4,REGULAR
1008,21,40,511.12,2,2,1,OCCASIONAL CUSTOMER
129,21,40,475.73,2,2,1,OCCASIONAL CUSTOMER
2470,21,91,1042.06,2,3,2,REGULAR
981,21,36,1394.11,2,2,2,OCCASIONAL CUSTOMER
16,21,98,1512.02,2,3,2,REGULAR
1519,21,30,2425.66,2,1,3,OCCASIONAL CUSTOMER
2027,21,133,1915.28,2,4,3,REGULAR
1724,21,95,2626.98,2,3,3,REGULAR
583,21,156,3063.34,2,4,4,REGULAR
1525,21,38,1645.25,2,2,3,OCCASIONAL CUSTOMER
321,21,106,5935.66,2,4,5,REGULAR
646,21,41,1691.72,2,2,3,OCCASIONAL CUSTOMER
2442,20,36,624.33,2,2,1,OCCASIONAL CUSTOMER
1344,20,27,2728.78,2,1,3,OCCASIONAL CUSTOMER
1576,20,18,471.11,2,1,1,OCCASIONAL CUSTOMER
123,20,174,3222.65,2,5,4,REGULAR
452,20,26,786.99,2,1,2,OCCASIONAL CUSTOMER
100,20,33,2294.62,2,2,3,OCCASIONAL CUSTOMER
836,20,75,1564.35,2,3,2,REGULAR
911,20,75,3696.76,2,3,4,REGULAR
2167,20,75,1714.61,2,3,3,REGULAR
1223,20,57,1743.69,2,2,3,OCCASIONAL CUSTOMER
217,20,65,2435.12,2,3,3,REGULAR
2239,20,43,1787.48,2,2,3,OCCASIONAL CUSTOMER
1408,20,57,1055.29,2,2,2,OCCASIONAL CUSTOMER
1544,20,54,2457.93,2,2,3,OCCASIONAL CUSTOMER
1930,20,182,2674.9,2,5,3,REGULAR
1902,20,21,1646,2,1,3,OCCASIONAL CUSTOMER
932,20,158,58.459.600.000.000.000.000.000.000,2,4,5,REGULAR
664,20,31,995.08,2,1,2,OCCASIONAL CUSTOMER
541,20,47,1784.19,2,2,3,OCCASIONAL CUSTOMER
2187,20,46,2667.13,2,2,3,OCCASIONAL CUSTOMER
809,20,57,619.75,2,2,1,OCCASIONAL CUSTOMER
530,20,53,1476.22,2,2,2,OCCASIONAL CUSTOMER
593,20,57,646.4,2,2,1,OCCASIONAL CUSTOMER
1706,20,18,360.07,2,1,1,OCCASIONAL CUSTOMER
302,20,95,1797.53,2,3,3,REGULAR
2295,20,98,8003.99,2,3,5,REGULAR
1880,20,36,773.39,2,2,2,OCCASIONAL CUSTOMER
1927,20,98,5097.28,2,3,5,REGULAR
2283,20,17,1389.37,2,1,2,OCCASIONAL CUSTOMER
1109,20,87,3059,2,3,4,REGULAR
2001,20,35,1214.28,2,2,2,OCCASIONAL CUSTOMER
717,20,51,616.72,2,2,1,OCCASIONAL CUSTOMER
1537,20,148,2878.58,2,4,4,REGULAR
331,20,65,1273.3,2,3,2,REGULAR
189,19,38,801.99,2,2,2,OCCASIONAL CUSTOMER
1497,19,9,527.3,2,1,1,OCCASIONAL CUSTOMER
1310,19,34,857.98,2,2,2,OCCASIONAL CUSTOMER
713,19,24,540.9,2,1,1,OCCASIONAL CUSTOMER
490,19,80,3886.87,2,3,4,REGULAR
1488,19,76,3246.92,2,3,4,REGULAR
2091,19,15,834.56,2,1,2,OCCASIONAL CUSTOMER
839,19,10,846.7,2,1,2,OCCASIONAL CUSTOMER
688,19,28,3207.61,2,1,4,OCCASIONAL CUSTOMER
1916,19,150,2885.7,2,4,4,REGULAR
507,19,66,1455.43,2,3,2,REGULAR
1577,19,82,3794.61,2,3,4,REGULAR
2408,19,26,2108.17,2,1,3,OCCASIONAL CUSTOMER
589,19,17,298.97,2,1,1,OCCASIONAL CUSTOMER
617,19,27,1315.54,2,1,2,OCCASIONAL CUSTOMER
140,19,140,1720.64,2,4,3,REGULAR
2404,19,18,559.76,2,1,1,OCCASIONAL CUSTOMER
1282,19,203,5957.48,2,5,5,REGULAR
1813,19,4,233.45,2,1,1,OCCASIONAL CUSTOMER
1457,19,39,2667.34,2,2,3,OCCASIONAL CUSTOMER
2419,19,65,1199.37,2,3,2,REGULAR
1787,19,61,1097.5,2,3,2,REGULAR
533,19,64,2792.87,2,3,4,REGULAR
1993,19,82,1359.33,2,3,2,REGULAR
962,19,53,1530.44,2,2,2,OCCASIONAL CUSTOMER
1874,19,33,834.29,2,2,2,OCCASIONAL CUSTOMER
177,19,50,1130.58,2,2,2,OCCASIONAL CUSTOMER
1802,19,52,4835.44,2,2,4,OCCASIONAL CUSTOMER
508,19,55,1190.51,2,2,2,OCCASIONAL CUSTOMER
2213,19,55,3505.21,2,2,4,OCCASIONAL CUSTOMER
542,19,123,2313.52,2,4,3,REGULAR
2160,19,57,748.07,2,2,1,OCCASIONAL CUSTOMER
246,19,47,847.25,2,2,2,OCCASIONAL CUSTOMER
229,19,40,1004.89,2,2,2,OCCASIONAL CUSTOMER
2253,19,29,450.33,2,1,1,OCCASIONAL CUSTOMER
1552,19,35,1084.76,2,2,2,OCCASIONAL CUSTOMER
428,18,95,3361.43,2,3,4,REGULAR
1961,18,92,1634.22,2,3,2,REGULAR
2410,18,63,2636.57,2,3,3,REGULAR
1316,18,58,3736.48,2,2,4,OCCASIONAL CUSTOMER
368,18,53,1346.46,2,2,2,OCCASIONAL CUSTOMER
1184,18,13,713.9,2,1,1,OCCASIONAL CUSTOMER
1875,18,44,909.05,2,2,2,OCCASIONAL CUSTOMER
1385,18,112,5637.51,2,4,5,REGULAR
1781,18,93,3228.57,2,3,4,REGULAR
2379,18,56,1323.34,2,2,2,OCCASIONAL CUSTOMER
866,18,136,5519.35,2,4,5,REGULAR
1230,18,20,258.53,2,1,1,OCCASIONAL CUSTOMER
705,18,93,1385.93,2,3,2,REGULAR
1102,18,81,2263.4,2,3,3,REGULAR
1673,18,110,4773.85,2,4,4,REGULAR
1912,18,96,2256.45,2,3,3,REGULAR
662,18,39,1381.73,2,2,2,OCCASIONAL CUSTOMER
383,18,150,5763.44,2,4,5,REGULAR
2469,18,37,660.92,2,2,1,OCCASIONAL CUSTOMER
2028,18,91,1984.73,2,3,3,REGULAR
1233,18,38,1778.52,2,2,3,OCCASIONAL CUSTOMER
170,18,45,2024.51,2,2,3,OCCASIONAL CUSTOMER
529,18,56,1831.14,2,2,3,OCCASIONAL CUSTOMER
1410,17,45,2525.94,2,2,3,OCCASIONAL CUSTOMER
193,17,136,4814.66,2,4,4,REGULAR
815,17,47,1802.37,2,2,3,OCCASIONAL CUSTOMER
1398,17,20,404.96,2,1,1,OCCASIONAL CUSTOMER
1252,17,46,1152.78,2,2,2,OCCASIONAL CUSTOMER
1889,17,46,1803.8,2,2,3,OCCASIONAL CUSTOMER
136,17,77,2804.82,2,3,4,REGULAR
1208,17,54,1078.06,2,2,2,OCCASIONAL CUSTOMER
259,17,54,1158.33,2,2,2,OCCASIONAL CUSTOMER
2290,17,70,916.97,2,3,2,REGULAR
810,17,37,540.1,2,2,1,OCCASIONAL CUSTOMER
521,17,53,858.8,2,2,2,OCCASIONAL CUSTOMER
524,17,72,1984.58,2,3,3,REGULAR
277,17,31,754.05,2,1,1,OCCASIONAL CUSTOMER
1755,17,31,1202.51,2,1,2,OCCASIONAL CUSTOMER
2069,17,89,2068.17,2,3,3,REGULAR
2089,17,34,159.96,2,2,1,OCCASIONAL CUSTOMER
890,17,31,1068.91,2,1,2,OCCASIONAL CUSTOMER
2146,17,58,1692.54,2,2,3,OCCASIONAL CUSTOMER
954,17,53,2537.43,2,2,3,OCCASIONAL CUSTOMER
1163,17,153,4808.01,2,4,4,REGULAR
352,17,6,178.7,2,1,1,OCCASIONAL CUSTOMER
486,17,29,922.39,2,1,2,OCCASIONAL CUSTOMER
1255,17,28,522.3,2,1,1,OCCASIONAL CUSTOMER
72,17,107,6473.43,2,4,5,REGULAR
293,17,108,3957.66,2,4,4,REGULAR
2153,17,41,933.43,2,2,2,OCCASIONAL CUSTOMER
2207,17,372,4866.06,2,5,4,REGULAR
671,17,127,5089.66,2,4,5,REGULAR
1852,17,317,9800.02,2,5,5,REGULAR
415,17,16,514.63,2,1,1,OCCASIONAL CUSTOMER
477,17,65,812.28,2,3,2,REGULAR
887,17,48,1133.71,2,2,2,OCCASIONAL CUSTOMER
80,17,94,3002.09,2,3,4,REGULAR
457,17,78,718,2,3,1,REGULAR
1083,17,54,1396.93,2,2,2,OCCASIONAL CUSTOMER
221,16,79,2879.29,2,3,4,REGULAR
1553,16,16,140.84,2,1,1,OCCASIONAL CUSTOMER
1340,16,57,512.53,2,2,1,OCCASIONAL CUSTOMER
1202,16,25,587.47,2,1,1,OCCASIONAL CUSTOMER
1741,16,15,161.99,2,1,1,OCCASIONAL CUSTOMER
1215,16,15,786.45,2,1,2,OCCASIONAL CUSTOMER
562,16,79,3178.11,2,3,4,REGULAR
61,16,11,183.8,2,1,1,OCCASIONAL CUSTOMER
2464,16,51,1121.48,2,2,2,OCCASIONAL CUSTOMER
2169,16,40,857.96,2,2,2,OCCASIONAL CUSTOMER
2314,16,86,5078.05,2,3,4,REGULAR
1690,16,59,1508.04,2,2,2,OCCASIONAL CUSTOMER
1046,16,153,4314.95,2,4,4,REGULAR
650,16,78,1415.65,2,3,2,REGULAR
1281,16,38,788.4,2,2,2,OCCASIONAL CUSTOMER
865,16,35,1887.73,2,2,3,OCCASIONAL CUSTOMER
147,16,36,1487.21,2,2,2,OCCASIONAL CUSTOMER
501,16,22,478.13,2,1,1,OCCASIONAL CUSTOMER
2406,16,138,4860.81,2,4,4,REGULAR
1152,16,77,1305.66,2,3,2,REGULAR
656,16,95,5040.28,2,3,4,REGULAR
2395,16,227,5262.3,2,5,5,REGULAR
1606,16,21,1131.91,2,1,2,OCCASIONAL CUSTOMER
554,16,21,1524.33,2,1,2,OCCASIONAL CUSTOMER
1593,16,43,1789.1,2,2,3,OCCASIONAL CUSTOMER
450,16,65,1540.45,2,3,2,REGULAR
1116,15,64,2779.14,2,3,4,REGULAR
573,15,102,3111.55,2,4,4,REGULAR
2490,15,33,699.16,2,2,1,OCCASIONAL CUSTOMER
1384,15,33,827.46,2,2,2,OCCASIONAL CUSTOMER
180,15,68,2103.4,2,3,3,REGULAR
152,15,37,1454.28,2,2,2,OCCASIONAL CUSTOMER
1210,15,37,921.33,2,2,2,OCCASIONAL CUSTOMER
202,15,37,964.88,2,2,2,OCCASIONAL CUSTOMER
2060,15,32,629.9,2,1,1,OCCASIONAL CUSTOMER
1201,15,38,537.6,2,2,1,OCCASIONAL CUSTOMER
1971,15,155,5297.13,2,4,5,REGULAR
816,15,106,3468.66,2,4,4,REGULAR
339,15,67,1668.92,2,3,3,REGULAR
1784,15,40,1980.62,2,2,3,OCCASIONAL CUSTOMER
1485,15,66,2187.88,2,3,3,REGULAR
312,15,40,2578.05,2,2,3,OCCASIONAL CUSTOMER
1851,15,41,1255.55,2,2,2,OCCASIONAL CUSTOMER
2068,15,108,2561.4,2,4,3,REGULAR
1573,15,96,372.87,2,3,1,REGULAR
1292,15,27,520.32,2,1,1,OCCASIONAL CUSTOMER
693,15,209,6378.8,2,5,5,REGULAR
188,15,43,1847.62,2,2,3,OCCASIONAL CUSTOMER
375,15,24,203.94,2,1,1,OCCASIONAL CUSTOMER
1198,15,44,1004.6,2,2,2,OCCASIONAL CUSTOMER
465,15,44,382.55,2,2,1,OCCASIONAL CUSTOMER
433,15,76,949.82,2,3,2,REGULAR
357,15,22,1704.27,2,1,3,OCCASIONAL CUSTOMER
1225,15,76,1415.38,2,3,2,REGULAR
234,15,19,260.64,2,1,1,OCCASIONAL CUSTOMER
1551,15,18,800.11,2,1,2,OCCASIONAL CUSTOMER
1668,15,94,2283.69,2,3,3,REGULAR
233,15,15,645.39,2,1,1,OCCASIONAL CUSTOMER
1362,15,61,1418.76,2,3,2,REGULAR
2128,15,82,1877.71,2,3,3,REGULAR
1638,15,51,552.18,2,2,1,OCCASIONAL CUSTOMER
84,15,52,1208.09,2,2,2,OCCASIONAL CUSTOMER
1141,15,59,1137.28,2,3,2,REGULAR
1025,15,81,3552.13,2,3,4,REGULAR
2099,15,53,691.3,2,2,1,OCCASIONAL CUSTOMER
1334,14,57,629.58,2,2,1,OCCASIONAL CUSTOMER
1578,14,94,2846.81,2,3,4,REGULAR
1055,14,81,1204.41,2,3,2,REGULAR
977,14,34,1036.52,2,2,2,OCCASIONAL CUSTOMER
296,14,12,149.25,2,1,1,OCCASIONAL CUSTOMER
2090,14,56,1201.03,2,2,2,OCCASIONAL CUSTOMER
262,14,218,4802.27,2,5,4,REGULAR
811,14,39,680.23,2,2,1,OCCASIONAL CUSTOMER
2120,14,72,1643.2,2,3,3,REGULAR
1318,14,74,5583.96,2,3,5,REGULAR
1555,14,89,1446.54,2,3,2,REGULAR
365,14,170,7048.43,2,5,5,REGULAR
1799,14,52,395.47,2,2,1,OCCASIONAL CUSTOMER
2047,14,119,4816.35,2,4,4,REGULAR
2359,14,174,2806.27,2,5,4,REGULAR
2331,14,103,5903.55,2,4,5,REGULAR
159,14,86,2143.87,2,3,3,REGULAR
1051,14,55,2275.67,2,2,3,OCCASIONAL CUSTOMER
1351,14,91,564.4,2,3,1,REGULAR
794,14,32,1752.5,2,1,3,OCCASIONAL CUSTOMER
2325,14,3,106.36,2,1,1,OCCASIONAL CUSTOMER
2107,14,87,3409.06,2,3,4,REGULAR
2373,14,124,2585.6,2,4,3,REGULAR
1500,14,54,1051.12,2,2,2,OCCASIONAL CUSTOMER
1664,14,41,21.943.100.000.000.000.000.000.000,2,2,3,OCCASIONAL CUSTOMER
255,14,18,672.09,2,1,1,OCCASIONAL CUSTOMER
980,14,29,1330.22,2,1,2,OCCASIONAL CUSTOMER
2341,14,306,5698.38,2,5,5,REGULAR
60,14,8,400.94,2,1,1,OCCASIONAL CUSTOMER
734,14,76,1319.76,2,3,2,REGULAR
927,14,46,1530.88,2,2,2,OCCASIONAL CUSTOMER
436,14,30,2318.74,2,1,3,OCCASIONAL CUSTOMER
2361,14,90,4528.71,2,3,4,REGULAR
266,14,59,3130.22,2,2,4,OCCASIONAL CUSTOMER
1758,14,70,2041.93,2,3,3,REGULAR
212,14,109,3052.66,2,4,4,REGULAR
289,13,183,5970.47,2,5,5,REGULAR
1699,13,29,1064.84,2,1,2,OCCASIONAL CUSTOMER
2285,13,73,2057.9,2,3,3,REGULAR
112,13,80,1342.65,2,3,2,REGULAR
2208,13,193,9456.83,2,5,5,REGULAR
325,13,75,2850.58,2,3,4,REGULAR
1423,13,189,1695.76,2,5,3,REGULAR
1034,13,70,840.87,2,3,2,REGULAR
1905,13,81,1772.91,2,3,3,REGULAR
2450,13,84,3060.77,2,3,4,REGULAR
469,13,165,7748.49,2,5,5,REGULAR
2308,13,31,582.45,2,1,1,OCCASIONAL CUSTOMER
1104,13,118,3378.16,2,4,4,REGULAR
408,13,56,2470.99,2,2,3,OCCASIONAL CUSTOMER
2345,13,109,4278.51,2,4,4,REGULAR
743,13,71,1988.97,2,3,3,REGULAR
1486,13,14,548.32,2,1,1,OCCASIONAL CUSTOMER
1193,13,219,4723.65,2,5,4,REGULAR
986,13,90,1827.87,2,3,3,REGULAR
615,13,24,346.4,2,1,1,OCCASIONAL CUSTOMER
2297,13,45,698.36,2,2,1,OCCASIONAL CUSTOMER
1697,13,42,949.01,2,2,2,OCCASIONAL CUSTOMER
1177,13,17,337.98,2,1,1,OCCASIONAL CUSTOMER
223,13,118,2738.98,2,4,3,REGULAR
873,13,113,2938.15,2,4,4,REGULAR
257,13,122,2689.99,2,4,3,REGULAR
770,13,43,2246.36,2,2,3,OCCASIONAL CUSTOMER
1563,13,113,4754.88,2,4,4,REGULAR
2461,13,22,1051.1,2,1,2,OCCASIONAL CUSTOMER
1144,13,24,187.09,2,1,1,OCCASIONAL CUSTOMER
829,13,32,1635.21,2,1,3,OCCASIONAL CUSTOMER
961,13,72,3956.27,2,3,4,REGULAR
297,13,114,3535.62,2,4,4,REGULAR
94,13,36,442.64,2,2,1,OCCASIONAL CUSTOMER
2077,13,109,1835.18,2,4,3,REGULAR
922,13,150,3336.99,2,4,4,REGULAR
2037,13,97,1743.97,2,3,3,REGULAR
1614,13,75,518.16,2,3,1,REGULAR
2079,13,120,4802.87,2,4,4,REGULAR
2272,12,70,2244.17,2,3,3,REGULAR
697,12,62,2823.59,2,3,4,REGULAR
1250,12,6,203.17,2,1,1,OCCASIONAL CUSTOMER
626,12,25,649.33,2,1,1,OCCASIONAL CUSTOMER
2431,12,43,978.85,2,2,2,OCCASIONAL CUSTOMER
822,12,42,866.56,2,2,2,OCCASIONAL CUSTOMER
1678,12,79,2613.99,2,3,3,REGULAR
2132,12,42,575.87,2,2,1,OCCASIONAL CUSTOMER
381,12,93,3120.79,2,3,4,REGULAR
1324,12,42,2667.23,2,2,3,OCCASIONAL CUSTOMER
337,12,61,933.59,2,3,2,REGULAR
2126,12,127,4713.85,2,4,4,REGULAR
1946,12,49,3312.46,2,2,4,OCCASIONAL CUSTOMER
1400,12,11,284.31,2,1,1,OCCASIONAL CUSTOMER
1298,12,50,1487.99,2,2,2,OCCASIONAL CUSTOMER
2151,12,41,834.27,2,2,2,OCCASIONAL CUSTOMER
1452,12,374,1884.05,2,5,3,REGULAR
2437,12,74,4841.94,2,3,4,REGULAR
1189,12,51,954.21,2,2,2,OCCASIONAL CUSTOMER
2161,12,40,2064.11,2,2,3,OCCASIONAL CUSTOMER
2040,12,422,2968.51,2,5,4,REGULAR
551,12,52,853.65,2,2,2,OCCASIONAL CUSTOMER
514,12,66,2339.27,2,3,3,REGULAR
260,12,30,425.04,2,1,1,OCCASIONAL CUSTOMER
2182,12,85,1530.52,2,3,2,REGULAR
126,12,31,853.45,2,1,2,OCCASIONAL CUSTOMER
1887,12,88,876.88,2,3,2,REGULAR
999,12,57,2154.25,2,2,3,OCCASIONAL CUSTOMER
754,12,32,1535.13,2,2,2,OCCASIONAL CUSTOMER
1646,12,68,1553.53,2,3,2,REGULAR
1405,12,55,2480.88,2,2,3,OCCASIONAL CUSTOMER
148,12,55,1231.76,2,2,2,OCCASIONAL CUSTOMER
2336,12,76,2384.25,2,3,3,REGULAR
1081,12,139,10201.55,2,4,5,REGULAR
1287,12,159,2818,2,4,4,REGULAR
2053,11,165,3351.34,2,5,4,REGULAR
1373,11,40,657.52,2,2,1,OCCASIONAL CUSTOMER
1266,11,115,1657.11,2,4,3,REGULAR
1206,11,381,6172.13,2,5,5,REGULAR
2228,11,202,5298.05,2,5,5,REGULAR
168,11,37,510.8,2,2,1,OCCASIONAL CUSTOMER
953,11,114,2513.39,2,4,3,REGULAR
283,11,78,6023.37,2,3,5,REGULAR
353,11,125,3799.2,2,4,4,REGULAR
1413,11,27,344.06,2,1,1,OCCASIONAL CUSTOMER
613,11,11,347.31,2,1,1,OCCASIONAL CUSTOMER
581,11,146,5060.44,2,4,4,REGULAR
2016,11,126,1728.53,2,4,3,REGULAR
796,11,50,445.65,2,2,1,OCCASIONAL CUSTOMER
1533,11,22,255.24,2,1,1,OCCASIONAL CUSTOMER
1068,11,111,1321.85,2,4,2,REGULAR
1798,11,42,2457.51,2,2,3,OCCASIONAL CUSTOMER
832,11,14,479.24,2,1,1,OCCASIONAL CUSTOMER
2387,11,33,865.7,2,2,2,OCCASIONAL CUSTOMER
895,11,211,8700.15,2,5,5,REGULAR
1507,11,26,1499.37,2,1,2,OCCASIONAL CUSTOMER
680,11,96,3513.02,2,3,4,REGULAR
970,11,15,691.45,2,1,1,OCCASIONAL CUSTOMER
1313,11,30,1030.97,2,1,2,OCCASIONAL CUSTOMER
2497,11,221,7111.98,2,5,5,REGULAR
1867,11,75,1093.51,2,3,2,REGULAR
1708,11,58,3571.6,2,2,4,OCCASIONAL CUSTOMER
1494,11,85,2595.09,2,3,3,REGULAR
877,11,63,3355.07,2,3,4,REGULAR
1086,11,30,1188.61,2,1,2,OCCASIONAL CUSTOMER
1466,11,38,1029.47,2,2,2,OCCASIONAL CUSTOMER
2008,11,68,2332.45,2,3,3,REGULAR
1368,11,32,2766.97,2,1,4,OCCASIONAL CUSTOMER
842,11,506,7527.27,2,5,5,REGULAR
1841,10,32,2401.78,2,1,3,OCCASIONAL CUSTOMER
1871,10,20,547.41,2,1,1,OCCASIONAL CUSTOMER
171,10,25,740.46,2,1,1,OCCASIONAL CUSTOMER
561,10,26,1404.36,2,1,2,OCCASIONAL CUSTOMER
1501,10,205,8490.73,2,5,5,REGULAR
2204,10,190,2646.05,2,5,3,REGULAR
1329,10,31,1546.05,2,1,2,OCCASIONAL CUSTOMER
1180,10,166,5430.04,2,5,5,REGULAR
1831,10,166,5562.06,2,5,5,REGULAR
2105,10,35,899.92,2,2,2,OCCASIONAL CUSTOMER
385,10,41,2929.72,2,2,4,OCCASIONAL CUSTOMER
1625,10,41,464.64,2,2,1,OCCASIONAL CUSTOMER
1389,10,41,2841.16,2,2,4,OCCASIONAL CUSTOMER
1667,10,42,891.1,2,2,2,OCCASIONAL CUSTOMER
208,10,140,4296.33,2,4,4,REGULAR
1264,10,132,6458.78,2,4,5,REGULAR
2197,10,48,670.43,2,2,1,OCCASIONAL CUSTOMER
1383,10,128,1532.65,2,4,2,REGULAR
398,10,125,2092.6,2,4,3,REGULAR
766,10,122,8350.09,2,4,5,REGULAR
199,10,54,667.97,2,2,1,OCCASIONAL CUSTOMER
1881,10,119,2913.96,2,4,4,REGULAR
1132,10,58,2073.62,2,2,3,OCCASIONAL CUSTOMER
1072,10,61,2694.8,2,3,3,REGULAR
1017,10,63,3436.26,2,3,4,REGULAR
1426,10,65,2330.87,2,3,3,REGULAR
2401,10,67,727.45,2,3,1,REGULAR
944,10,104,2859.76,2,4,4,REGULAR
903,10,72,2949.56,2,3,4,REGULAR
1339,10,6,390.16,2,1,1,OCCASIONAL CUSTOMER
1926,10,73,2145.71,2,3,3,REGULAR
850,10,97,1252.91,2,3,2,REGULAR
987,10,75,2334.53,2,3,3,REGULAR
1672,10,75,1718.08,2,3,3,REGULAR
1226,10,76,6237.46,2,3,5,REGULAR
1794,10,77,3594.48,2,3,4,REGULAR
456,10,94,6314.03,2,3,5,REGULAR
819,10,6,161.75,2,1,1,OCCASIONAL CUSTOMER
1836,10,93,2991.96,2,3,4,REGULAR
2181,9,55,3074.45,2,2,4,OCCASIONAL CUSTOMER
1290,9,34,1060.24,2,2,2,OCCASIONAL CUSTOMER
1056,9,66,4871.09,2,3,4,REGULAR
731,9,233,3151.31,2,5,4,REGULAR
1662,9,83,8617.94,2,3,5,REGULAR
49,9,121,6445.03,2,4,5,REGULAR
1878,9,35,625.64,2,2,1,OCCASIONAL CUSTOMER
882,9,240,4609.8,2,5,4,REGULAR
1628,9,18,546.78,2,1,1,OCCASIONAL CUSTOMER
502,9,57,2298.84,2,2,3,OCCASIONAL CUSTOMER
153,9,92,1558.65,2,3,2,REGULAR
729,9,32,1159.32,2,1,2,OCCASIONAL CUSTOMER
2022,9,86,7875.78,2,3,5,REGULAR
616,9,10,476.14,2,1,1,OCCASIONAL CUSTOMER
1459,9,79,4769.04,2,3,4,REGULAR
1743,9,43,1168.94,2,2,2,OCCASIONAL CUSTOMER
413,9,284,5963.78,2,5,5,REGULAR
2494,9,35,2120.93,2,2,3,OCCASIONAL CUSTOMER
1747,9,92,3066.6,2,3,4,REGULAR
1038,9,275,1602,2,5,2,REGULAR
1742,9,282,2140.1,2,5,3,REGULAR
2067,9,6,120.01,2,1,1,OCCASIONAL CUSTOMER
1990,9,131,4593.26,2,4,4,REGULAR
1428,9,164,4911.53,2,5,4,REGULAR
802,9,59,2154.43,2,3,3,REGULAR
1218,9,96,3093.53,3,3,4,POTENTIAL LOYALIST
1067,9,62,3741.92,3,3,4,POTENTIAL LOYALIST
1783,9,91,4125.89,3,3,4,POTENTIAL LOYALIST
2149,9,112,3703.42,3,4,4,POTENTIAL LOYALIST
2219,9,23,1077.42,3,1,2,OCCASIONAL CUSTOMER
1853,9,36,274.39,3,2,1,OCCASIONAL CUSTOMER
1194,9,62,1276.74,3,3,2,REGULAR
1381,9,49,134.4,3,2,1,OCCASIONAL CUSTOMER
748,9,84,2709.18,3,3,3,POTENTIAL LOYALIST
2489,9,139,9403.42,3,4,5,POTENTIAL LOYALIST
1246,9,97,5428.25,3,3,5,POTENTIAL LOYALIST
1643,9,46,1461.4,3,2,2,OCCASIONAL CUSTOMER
1542,9,116,1969.93,3,4,3,POTENTIAL LOYALIST
1808,9,96,1824.33,3,3,3,POTENTIAL LOYALIST
1248,9,158,9091.29,3,4,5,POTENTIAL LOYALIST
1716,9,180,1950.26,3,5,3,POTENTIAL LOYALIST
2186,9,113,5469.53,3,4,5,POTENTIAL LOYALIST
1106,9,38,683.26,3,2,1,OCCASIONAL CUSTOMER
721,9,46,553.57,3,2,1,OCCASIONAL CUSTOMER
1698,9,38,1757.51,3,2,3,OCCASIONAL CUSTOMER
1085,9,106,4806,3,4,4,POTENTIAL LOYALIST
653,9,228,10822.55,3,5,5,POTENTIAL LOYALIST
701,9,39,2593.56,3,2,3,OCCASIONAL CUSTOMER
1809,9,61,1509.41,3,3,2,REGULAR
2456,9,76,1271.24,3,3,2,REGULAR
28,9,125,2119.62,3,4,3,POTENTIAL LOYALIST
2441,9,99,1223.56,3,3,2,REGULAR
2287,9,33,833.51,3,2,2,OCCASIONAL CUSTOMER
1605,9,57,729.22,3,2,1,OCCASIONAL CUSTOMER
2428,9,19,323.27,3,1,1,OCCASIONAL CUSTOMER
446,9,30,212.05,3,1,1,OCCASIONAL CUSTOMER
2394,9,84,1538.01,3,3,2,REGULAR
1276,8,20,623.45,3,1,1,OCCASIONAL CUSTOMER
1312,8,134,5055.88,3,4,4,POTENTIAL LOYALIST
2435,8,46,3303.85,3,2,4,OCCASIONAL CUSTOMER
251,8,83,2268.51,3,3,3,POTENTIAL LOYALIST
1415,8,27,271.41,3,1,1,OCCASIONAL CUSTOMER
2248,8,26,937.23,3,1,2,OCCASIONAL CUSTOMER
1100,8,26,313.41,3,1,1,OCCASIONAL CUSTOMER
1773,8,91,3356.9,3,3,4,POTENTIAL LOYALIST
1446,8,44,2095.83,3,2,3,OCCASIONAL CUSTOMER
773,8,22,899.63,3,1,2,OCCASIONAL CUSTOMER
994,8,21,581.45,3,1,1,OCCASIONAL CUSTOMER
995,8,21,1217.16,3,1,2,OCCASIONAL CUSTOMER
2411,8,76,2019.25,3,3,3,POTENTIAL LOYALIST
657,8,20,119.8,3,1,1,OCCASIONAL CUSTOMER
2021,8,77,1393.24,3,3,2,REGULAR
1560,8,44,1209.04,3,2,2,OCCASIONAL CUSTOMER
55,8,141,1072.79,3,4,2,REGULAR
1893,8,18,373.71,3,1,1,OCCASIONAL CUSTOMER
998,8,250,8305.39,3,5,5,POTENTIAL LOYALIST
857,8,43,4040.81,3,2,4,OCCASIONAL CUSTOMER
2324,8,146,2671.77,3,4,3,POTENTIAL LOYALIST
1176,8,16,240.85,3,1,1,OCCASIONAL CUSTOMER
1779,8,109,3508.58,3,4,4,POTENTIAL LOYALIST
742,8,328,3950.96,3,5,4,POTENTIAL LOYALIST
1669,8,10,297.97,3,1,1,OCCASIONAL CUSTOMER
1682,8,10,158.93,3,1,1,OCCASIONAL CUSTOMER
2101,8,10,420.02,3,1,1,OCCASIONAL CUSTOMER
417,8,84,3012.96,3,3,4,POTENTIAL LOYALIST
1683,8,86,1920.99,3,3,3,POTENTIAL LOYALIST
2426,8,115,2437.06,3,4,3,POTENTIAL LOYALIST
2156,8,108,5874.46,3,4,5,POTENTIAL LOYALIST
1744,8,58,1088.62,3,2,2,OCCASIONAL CUSTOMER
2429,8,66,1807.16,3,3,3,POTENTIAL LOYALIST
160,8,57,1536.09,3,2,2,OCCASIONAL CUSTOMER
1231,8,55,1919.79,3,2,3,OCCASIONAL CUSTOMER
1876,8,5,86.19,3,1,1,OCCASIONAL CUSTOMER
1774,8,66,5012.46,3,3,4,POTENTIAL LOYALIST
945,8,51,1926.03,3,2,3,OCCASIONAL CUSTOMER
5,8,40,779.06,3,2,2,OCCASIONAL CUSTOMER
1832,8,55,1357.55,3,2,2,OCCASIONAL CUSTOMER
793,8,107,1832.03,3,4,3,POTENTIAL LOYALIST
993,8,126,3064.87,3,4,4,POTENTIAL LOYALIST
1858,8,67,2860.07,3,3,4,POTENTIAL LOYALIST
2038,8,59,1489.8,3,2,2,OCCASIONAL CUSTOMER
658,8,49,1052.48,3,2,2,OCCASIONAL CUSTOMER
1821,8,128,4937.27,3,4,4,POTENTIAL LOYALIST
913,8,69,1830.63,3,3,3,POTENTIAL LOYALIST
1019,8,53,1553.56,3,2,2,OCCASIONAL CUSTOMER
1014,8,161,4199.76,3,4,4,POTENTIAL LOYALIST
1168,8,69,874.23,3,3,2,REGULAR
342,8,48,2125.51,3,2,3,OCCASIONAL CUSTOMER
1377,8,35,791.34,3,2,2,OCCASIONAL CUSTOMER
764,8,112,3196.78,3,4,4,POTENTIAL LOYALIST
1353,8,132,4019.91,3,4,4,POTENTIAL LOYALIST
719,8,34,1098.51,3,2,2,OCCASIONAL CUSTOMER
2193,8,117,9155.01,3,4,5,POTENTIAL LOYALIST
2238,8,180,2479.46,3,5,3,POTENTIAL LOYALIST
3,8,47,2653.21,3,2,3,OCCASIONAL CUSTOMER
1732,8,98,3427.3,3,3,4,POTENTIAL LOYALIST
1731,8,72,3451.81,3,3,4,POTENTIAL LOYALIST
497,8,63,766.4,3,3,2,REGULAR
1559,7,60,2725.42,3,3,3,POTENTIAL LOYALIST
1238,7,51,4678.61,3,2,4,OCCASIONAL CUSTOMER
1404,7,44,1248.19,3,2,2,OCCASIONAL CUSTOMER
643,7,31,1415.59,3,1,2,OCCASIONAL CUSTOMER
2119,7,44,2295.16,3,2,3,OCCASIONAL CUSTOMER
1495,7,165,1779.86,3,5,3,POTENTIAL LOYALIST
965,7,52,1764.07,3,2,3,OCCASIONAL CUSTOMER
1089,7,96,2404.98,3,3,3,POTENTIAL LOYALIST
1546,7,113,4095.37,3,4,4,POTENTIAL LOYALIST
438,7,67,4456.52,3,3,4,POTENTIAL LOYALIST
1696,7,62,2640.01,3,3,3,POTENTIAL LOYALIST
1590,7,152,8033.79,3,4,5,POTENTIAL LOYALIST
414,7,153,2488.65,3,4,3,POTENTIAL LOYALIST
2273,7,52,1594.87,3,2,2,OCCASIONAL CUSTOMER
1963,7,50,2542.45,3,2,3,OCCASIONAL CUSTOMER
240,7,31,365.61,3,1,1,OCCASIONAL CUSTOMER
552,7,44,2289.47,3,2,3,OCCASIONAL CUSTOMER
459,7,67,1194.94,3,3,2,REGULAR
1988,7,184,7907.93,3,5,5,POTENTIAL LOYALIST
1955,7,156,7634.5,3,4,5,POTENTIAL LOYALIST
1796,7,60,2601.06,3,3,3,POTENTIAL LOYALIST
2087,7,227,7832.74,3,5,5,POTENTIAL LOYALIST
790,7,58,2842.63,3,2,4,OCCASIONAL CUSTOMER
2459,7,971,20671.5,3,5,5,POTENTIAL LOYALIST
1983,7,38,2497.9,3,2,3,OCCASIONAL CUSTOMER
1487,7,38,1471.28,3,2,2,OCCASIONAL CUSTOMER
733,7,76,2678.56,3,3,3,POTENTIAL LOYALIST
2110,7,222,12470.03,3,5,5,POTENTIAL LOYALIST
1136,7,59,1934.11,3,2,3,OCCASIONAL CUSTOMER
247,7,59,1243.06,3,2,2,OCCASIONAL CUSTOMER
517,7,105,3742.89,3,4,4,POTENTIAL LOYALIST
1713,7,37,1733.81,3,2,3,OCCASIONAL CUSTOMER
2014,7,44,1489.89,3,2,2,OCCASIONAL CUSTOMER
2349,7,72,2100.28,3,3,3,POTENTIAL LOYALIST
14,7,140,2761.19,3,4,3,POTENTIAL LOYALIST
1940,7,75,2392.72,3,3,3,POTENTIAL LOYALIST
2454,7,30,392.87,3,1,1,OCCASIONAL CUSTOMER
158,7,180,1869.79,3,5,3,POTENTIAL LOYALIST
1937,7,158,6742.44,3,4,5,POTENTIAL LOYALIST
2257,7,75,791.54,3,3,2,REGULAR
807,7,123,4014.02,3,4,4,POTENTIAL LOYALIST
1249,7,23,491.62,3,1,1,OCCASIONAL CUSTOMER
578,7,117,2996.69,3,4,4,POTENTIAL LOYALIST
1493,7,25,943.13,3,1,2,OCCASIONAL CUSTOMER
538,7,69,4382.21,3,3,4,POTENTIAL LOYALIST
271,7,98,1375.52,3,3,2,REGULAR
292,7,83,977.07,3,3,2,REGULAR
1810,7,266,4025.59,3,5,4,POTENTIAL LOYALIST
2305,7,123,6320.64,3,4,5,POTENTIAL LOYALIST
1174,7,122,2156.65,3,4,3,POTENTIAL LOYALIST
1660,7,62,2045.5,3,3,3,POTENTIAL LOYALIST
2354,7,80,4821.89,3,3,4,POTENTIAL LOYALIST
2043,7,65,1640.79,3,3,3,POTENTIAL LOYALIST
125,7,358,10601.5,3,5,5,POTENTIAL LOYALIST
1918,7,69,3012.49,3,3,4,POTENTIAL LOYALIST
2266,7,148,8754.12,3,4,5,POTENTIAL LOYALIST
1677,7,193,12559.61,3,5,5,POTENTIAL LOYALIST
479,7,185,1773.3,3,5,3,POTENTIAL LOYALIST
1720,7,142,5755.69,3,4,5,POTENTIAL LOYALIST
2409,7,8,906.55,3,1,2,OCCASIONAL CUSTOMER
214,7,86,2657.91,3,3,3,POTENTIAL LOYALIST
249,7,137,2823.23,3,4,4,POTENTIAL LOYALIST
2397,7,35,1095.1,3,2,2,OCCASIONAL CUSTOMER
691,7,54,2511.33,3,2,3,OCCASIONAL CUSTOMER
879,7,96,2448.6,3,3,3,POTENTIAL LOYALIST
848,7,29,2684.13,3,1,3,OCCASIONAL CUSTOMER
505,7,18,188.54,3,1,1,OCCASIONAL CUSTOMER
248,7,57,6039.01,3,2,5,OCCASIONAL CUSTOMER
1465,7,56,1038.52,3,2,2,OCCASIONAL CUSTOMER
926,7,241,7274.1,3,5,5,POTENTIAL LOYALIST
2488,7,119,6327.51,3,4,5,POTENTIAL LOYALIST
1514,7,57,2355.31,3,2,3,OCCASIONAL CUSTOMER
1554,7,46,982.76,3,2,2,OCCASIONAL CUSTOMER
1754,7,209,4120.16,3,5,4,POTENTIAL LOYALIST
1462,7,120,4830,3,4,4,POTENTIAL LOYALIST
2136,7,18,1552.43,3,1,2,OCCASIONAL CUSTOMER
201,7,48,1435.17,3,2,2,OCCASIONAL CUSTOMER
852,7,95,1943.73,3,3,3,POTENTIAL LOYALIST
2032,7,66,1274.78,3,3,2,REGULAR
1749,7,122,4209.35,3,4,4,POTENTIAL LOYALIST
1011,7,140,3495.2,3,4,4,POTENTIAL LOYALIST
1911,7,124,1601.27,3,4,2,REGULAR
558,7,115,2426.35,3,4,3,POTENTIAL LOYALIST
387,7,131,5697.25,3,4,5,POTENTIAL LOYALIST
145,7,59,1470.49,3,3,2,REGULAR
132,6,98,2875.24,3,3,4,POTENTIAL LOYALIST
798,6,54,1586.58,3,2,2,OCCASIONAL CUSTOMER
1597,6,54,801.63,3,2,2,OCCASIONAL CUSTOMER
1594,6,118,2986.13,3,4,4,POTENTIAL LOYALIST
823,6,117,2590.15,3,4,3,POTENTIAL LOYALIST
2015,6,122,6628.7,3,4,5,POTENTIAL LOYALIST
2335,6,53,1955.25,3,2,3,OCCASIONAL CUSTOMER
1760,6,53,563.64,3,2,1,OCCASIONAL CUSTOMER
845,6,117,5097.28,3,4,5,POTENTIAL LOYALIST
1814,6,52,4107.85,3,2,4,OCCASIONAL CUSTOMER
2005,6,52,1439.19,3,2,2,OCCASIONAL CUSTOMER
187,6,59,701,3,3,1,REGULAR
2279,6,59,972.47,3,3,2,REGULAR
1956,6,60,2174.55,3,3,3,POTENTIAL LOYALIST
155,6,52,2101.05,3,2,3,OCCASIONAL CUSTOMER
736,6,60,3061.62,3,3,4,POTENTIAL LOYALIST
2375,6,114,28.414.000.000.000.000.000.000.000,3,4,4,POTENTIAL LOYALIST
1745,6,125,2591.48,3,4,3,POTENTIAL LOYALIST
1139,6,92,7539.55,3,3,5,POTENTIAL LOYALIST
1642,6,125,2096.12,3,4,3,POTENTIAL LOYALIST
1458,6,126,3480.63,3,4,4,POTENTIAL LOYALIST
1883,6,126,2460.98,3,4,3,POTENTIAL LOYALIST
1065,6,50,5167.16,3,2,5,OCCASIONAL CUSTOMER
1169,6,128,5159.4,3,4,5,POTENTIAL LOYALIST
26,6,113,1937.39,3,4,3,POTENTIAL LOYALIST
1333,6,129,7709.85,3,4,5,POTENTIAL LOYALIST
1929,6,62,4395.83,3,3,4,POTENTIAL LOYALIST
2084,6,132,2937.95,3,4,4,POTENTIAL LOYALIST
1161,6,63,1377.57,3,3,2,REGULAR
2235,6,89,3824.87,3,3,4,POTENTIAL LOYALIST
769,6,46,1543.63,3,2,2,OCCASIONAL CUSTOMER
1213,6,46,622.22,3,2,1,OCCASIONAL CUSTOMER
2453,6,110,4551.68,3,4,4,POTENTIAL LOYALIST
227,6,135,1390.25,3,4,2,REGULAR
722,6,136,6437.62,3,4,5,POTENTIAL LOYALIST
1153,6,65,1142.86,3,3,2,REGULAR
146,6,41,843.02,3,2,2,OCCASIONAL CUSTOMER
1511,6,149,3740.16,3,4,4,POTENTIAL LOYALIST
1763,6,149,3919.37,3,4,4,POTENTIAL LOYALIST
1207,6,108,765.37,3,4,2,REGULAR
2317,6,150,13967.37,3,4,5,POTENTIAL LOYALIST
1195,6,41,1271.09,3,2,2,OCCASIONAL CUSTOMER
759,6,41,1274.09,3,2,2,OCCASIONAL CUSTOMER
1438,6,41,2130.77,3,2,3,OCCASIONAL CUSTOMER
1585,6,150,9353.85,3,4,5,POTENTIAL LOYALIST
1387,6,66,2057.95,3,3,3,POTENTIAL LOYALIST
396,6,107,1790.73,3,4,3,POTENTIAL LOYALIST
106,6,67,2014.66,3,3,3,POTENTIAL LOYALIST
700,6,39,2981.04,3,2,4,OCCASIONAL CUSTOMER
343,6,67,1650.64,3,3,3,POTENTIAL LOYALIST
780,6,67,579.72,3,3,1,REGULAR
2195,6,84,1180.72,3,3,2,REGULAR
1650,6,106,2259.16,3,4,3,POTENTIAL LOYALIST
1687,6,106,3766.27,3,4,4,POTENTIAL LOYALIST
411,6,158,6697.21,3,4,5,POTENTIAL LOYALIST
185,6,68,2137.62,3,3,3,POTENTIAL LOYALIST
1077,6,36,1492.81,3,2,2,OCCASIONAL CUSTOMER
1071,6,84,2052.29,3,3,3,POTENTIAL LOYALIST
1952,6,36,1003.87,3,2,2,OCCASIONAL CUSTOMER
2237,6,158,4941.52,3,4,4,POTENTIAL LOYALIST
744,6,158,4730.31,3,4,4,POTENTIAL LOYALIST
1899,6,69,11276.8,3,3,5,POTENTIAL LOYALIST
594,6,104,2421.39,3,4,3,POTENTIAL LOYALIST
624,6,160,6003.47,3,4,5,POTENTIAL LOYALIST
1197,6,160,7988.73,3,4,5,POTENTIAL LOYALIST
513,6,161,12130.01,3,4,5,POTENTIAL LOYALIST
374,6,163,7099.56,3,5,5,POTENTIAL LOYALIST
1013,6,35,947.03,3,2,2,OCCASIONAL CUSTOMER
1541,6,102,7743.35,3,4,5,POTENTIAL LOYALIST
1407,6,35,1615.94,3,2,2,OCCASIONAL CUSTOMER
1242,6,35,830.11,3,2,2,OCCASIONAL CUSTOMER
449,6,34,827.44,3,2,2,OCCASIONAL CUSTOMER
1097,6,165,8806.33,3,5,5,POTENTIAL LOYALIST
2366,6,168,5500.03,3,5,5,POTENTIAL LOYALIST
2172,6,99,2408.11,3,4,3,POTENTIAL LOYALIST
70,6,32,76.4,3,2,1,OCCASIONAL CUSTOMER
1944,6,180,10942.88,3,5,5,POTENTIAL LOYALIST
781,6,57,1665.51,3,2,3,OCCASIONAL CUSTOMER
1967,6,73,1802.93,3,3,3,POTENTIAL LOYALIST
2103,6,30,361.01,3,1,1,OCCASIONAL CUSTOMER
2130,6,97,6060.39,3,3,5,POTENTIAL LOYALIST
1270,6,73,3455.32,3,3,4,POTENTIAL LOYALIST
421,6,194,6013.04,3,5,5,POTENTIAL LOYALIST
1938,6,28,1032.95,3,1,2,OCCASIONAL CUSTOMER
2310,6,74,1389.32,3,3,2,REGULAR
2448,6,205,9300.73,3,5,5,POTENTIAL LOYALIST
1390,6,211,4879.86,3,5,4,POTENTIAL LOYALIST
1807,6,212,7773.21,3,5,5,POTENTIAL LOYALIST
1943,6,212,5116.58,3,5,5,POTENTIAL LOYALIST
1710,6,215,11984.59,3,5,5,POTENTIAL LOYALIST
723,6,23,1230.83,3,1,2,OCCASIONAL CUSTOMER
579,6,23,435.26,3,1,1,OCCASIONAL CUSTOMER
804,6,221,3917.74,3,5,4,POTENTIAL LOYALIST
284,6,21,534.98,3,1,1,OCCASIONAL CUSTOMER
730,6,92,1111.69,3,3,2,REGULAR
1261,6,228,3777.98,3,5,4,POTENTIAL LOYALIST
1412,6,77,4053.15,3,3,4,POTENTIAL LOYALIST
749,6,77,1066.62,3,3,2,REGULAR
1278,6,19,738.34,3,1,1,OCCASIONAL CUSTOMER
1842,6,19,906.65,3,1,2,OCCASIONAL CUSTOMER
2076,6,252,8297.94,3,5,5,POTENTIAL LOYALIST
25,6,94,3149.65,3,3,4,POTENTIAL LOYALIST
2020,6,252,8458.21,3,5,5,POTENTIAL LOYALIST
528,6,17,373.83,3,1,1,OCCASIONAL CUSTOMER
1366,6,256,4242.62,3,5,4,POTENTIAL LOYALIST
2012,6,303,8535.06,3,5,5,POTENTIAL LOYALIST
1047,6,80,1052.94,3,3,2,REGULAR
402,6,80,2233.84,3,3,3,POTENTIAL LOYALIST
364,6,86,2566.92,3,3,3,POTENTIAL LOYALIST
1356,6,86,2239.34,3,3,3,POTENTIAL LOYALIST
2421,6,81,8749.76,3,3,5,POTENTIAL LOYALIST
741,6,88,3414.6,3,3,4,POTENTIAL LOYALIST
1972,6,120,2435.73,3,4,3,POTENTIAL LOYALIST
1049,6,55,698.06,3,2,1,OCCASIONAL CUSTOMER
547,6,55,1676.76,3,2,3,OCCASIONAL CUSTOMER
92,6,57,1587.38,3,2,2,OCCASIONAL CUSTOMER
15,6,55,972.53,3,2,2,OCCASIONAL CUSTOMER
224,5,56,1600.8,3,2,2,OCCASIONAL CUSTOMER
186,5,3,59.52,3,1,1,OCCASIONAL CUSTOMER
310,5,9,184.02,3,1,1,OCCASIONAL CUSTOMER
2417,5,9,196.11,3,1,1,OCCASIONAL CUSTOMER
1323,5,11,297.05,3,1,1,OCCASIONAL CUSTOMER
1273,5,17,265.04,3,1,1,OCCASIONAL CUSTOMER
516,5,17,295.23,3,1,1,OCCASIONAL CUSTOMER
1044,5,20,423.51,3,1,1,OCCASIONAL CUSTOMER
1728,5,21,1517.18,3,1,2,OCCASIONAL CUSTOMER
512,5,25,1114.44,3,1,2,OCCASIONAL CUSTOMER
861,5,34,1382.53,3,2,2,OCCASIONAL CUSTOMER
349,5,34,869.16,3,2,2,OCCASIONAL CUSTOMER
1782,5,37,1742.85,3,2,3,OCCASIONAL CUSTOMER
1447,5,40,604.95,3,2,1,OCCASIONAL CUSTOMER
1827,5,41,682.23,3,2,1,OCCASIONAL CUSTOMER
2472,5,42,1220.81,3,2,2,OCCASIONAL CUSTOMER
1092,5,42,944.69,3,2,2,OCCASIONAL CUSTOMER
448,5,45,493.37,3,2,1,OCCASIONAL CUSTOMER
1790,5,47,1978.83,3,2,3,OCCASIONAL CUSTOMER
151,5,49,1226.14,3,2,2,OCCASIONAL CUSTOMER
2386,5,51,1056.96,3,2,2,OCCASIONAL CUSTOMER
1949,5,54,1658.96,3,2,3,OCCASIONAL CUSTOMER
1217,5,54,2656.9,3,2,3,OCCASIONAL CUSTOMER
53,5,56,1962.26,3,2,3,OCCASIONAL CUSTOMER
204,5,57,929.27,3,2,2,OCCASIONAL CUSTOMER
1165,5,57,1413.52,3,2,2,OCCASIONAL CUSTOMER
1332,5,60,2047.26,3,3,3,POTENTIAL LOYALIST
2299,5,62,2057.89,3,3,3,POTENTIAL LOYALIST
1600,5,64,914.7,3,3,2,REGULAR
1801,5,64,758.74,3,3,1,REGULAR
1135,5,64,748.88,3,3,1,REGULAR
2303,5,66,2158.85,3,3,3,POTENTIAL LOYALIST
1819,5,68,1446.23,3,3,2,REGULAR
708,5,68,2828.06,3,3,4,POTENTIAL LOYALIST
1268,5,71,3013.56,3,3,4,POTENTIAL LOYALIST
2372,5,71,3208.19,3,3,4,POTENTIAL LOYALIST
2439,5,72,596.88,3,3,1,REGULAR
776,5,72,3153.7,3,3,4,POTENTIAL LOYALIST
648,5,73,1910.4,3,3,3,POTENTIAL LOYALIST
133,5,75,3823.89,3,3,4,POTENTIAL LOYALIST
1939,5,75,3784.62,3,3,4,POTENTIAL LOYALIST
281,5,79,1495.08,3,3,2,REGULAR
888,5,79,8689.01,3,3,5,POTENTIAL LOYALIST
384,5,80,3914.84,3,3,4,POTENTIAL LOYALIST
2063,5,81,2591.43,3,3,3,POTENTIAL LOYALIST
2485,5,82,1502.2,3,3,2,REGULAR
976,5,82,6190.51,3,3,5,POTENTIAL LOYALIST
1427,5,83,2640.47,3,3,3,POTENTIAL LOYALIST
278,5,84,2053.56,3,3,3,POTENTIAL LOYALIST
1729,5,85,2910.61,3,3,4,POTENTIAL LOYALIST
1,5,86,4330.16,3,3,4,POTENTIAL LOYALIST
720,5,86,1678.8,3,3,3,POTENTIAL LOYALIST
1409,5,87,4324.03,3,3,4,POTENTIAL LOYALIST
1181,5,89,2196.58,3,3,3,POTENTIAL LOYALIST
362,5,91,2987.49,3,3,4,POTENTIAL LOYALIST
797,5,92,3059.57,3,3,4,POTENTIAL LOYALIST
401,5,96,2538.88,3,3,3,POTENTIAL LOYALIST
462,5,97,1510.63,3,3,2,REGULAR
1676,5,97,5203.43,3,3,5,POTENTIAL LOYALIST
580,5,98,1337.7,3,3,2,REGULAR
2371,5,98,2138.71,3,3,3,POTENTIAL LOYALIST
405,5,98,3652.97,3,3,4,POTENTIAL LOYALIST
1569,5,104,1345.59,3,4,2,REGULAR
430,5,107,2377.09,3,4,3,POTENTIAL LOYALIST
1848,5,110,10848.11,3,4,5,POTENTIAL LOYALIST
896,5,112,5274.46,3,4,5,POTENTIAL LOYALIST
1953,5,113,2722.81,3,4,3,POTENTIAL LOYALIST
1922,5,113,3096.94,3,4,4,POTENTIAL LOYALIST
8,5,113,5534.97,3,4,5,POTENTIAL LOYALIST
1382,5,116,3082.47,3,4,4,POTENTIAL LOYALIST
2364,5,117,7414.1,3,4,5,POTENTIAL LOYALIST
2300,5,118,4615.35,3,4,4,POTENTIAL LOYALIST
669,5,119,9164.15,3,4,5,POTENTIAL LOYALIST
250,5,121,5991.84,3,4,5,POTENTIAL LOYALIST
166,5,122,3059.69,3,4,4,POTENTIAL LOYALIST
346,5,124,5351.41,3,4,5,POTENTIAL LOYALIST
1347,5,131,3360.34,3,4,4,POTENTIAL LOYALIST
2275,5,134,2789.51,3,4,4,POTENTIAL LOYALIST
1175,5,135,7403.51,3,4,5,POTENTIAL LOYALIST
1613,5,136,6699.49,3,4,5,POTENTIAL LOYALIST
2479,5,136,14279.7,3,4,5,POTENTIAL LOYALIST
928,5,137,3571.7,3,4,4,POTENTIAL LOYALIST
484,5,137,2964.51,3,4,4,POTENTIAL LOYALIST
1000,5,138,4150.76,3,4,4,POTENTIAL LOYALIST
467,5,145,2642.99,3,4,3,POTENTIAL LOYALIST
2478,5,146,3354.42,3,4,4,POTENTIAL LOYALIST
329,5,146,3026.71,3,4,4,POTENTIAL LOYALIST
817,5,147,4801.85,3,4,4,POTENTIAL LOYALIST
335,5,147,2822.18,3,4,4,POTENTIAL LOYALIST
1188,5,149,3722.22,3,4,4,POTENTIAL LOYALIST
2340,5,149,2996.82,3,4,4,POTENTIAL LOYALIST
699,5,150,10353,3,4,5,POTENTIAL LOYALIST
2405,5,151,3425.7,3,4,4,POTENTIAL LOYALIST
81,5,152,5553.7,3,4,5,POTENTIAL LOYALIST
518,5,153,4926.37,3,4,4,POTENTIAL LOYALIST
2199,5,155,5639.17,3,4,5,POTENTIAL LOYALIST
709,5,156,5536.4,3,4,5,POTENTIAL LOYALIST
831,5,166,8831.35,3,5,5,POTENTIAL LOYALIST
1923,5,167,4870.31,3,5,4,POTENTIAL LOYALIST
1256,5,170,5274.32,3,5,5,POTENTIAL LOYALIST
2183,5,173,4093.12,3,5,4,POTENTIAL LOYALIST
97,5,180,5323.95,3,5,5,POTENTIAL LOYALIST
1752,5,196,6593.81,3,5,5,POTENTIAL LOYALIST
2200,5,197,8673.11,3,5,5,POTENTIAL LOYALIST
786,5,204,7434.07,3,5,5,POTENTIAL LOYALIST
607,5,216,3203.01,3,5,4,POTENTIAL LOYALIST
1633,5,219,10162.78,3,5,5,POTENTIAL LOYALIST
1759,5,219,4009.62,3,5,4,POTENTIAL LOYALIST
2062,5,220,5357.62,3,5,5,POTENTIAL LOYALIST
1850,5,223,6882.11,3,5,5,POTENTIAL LOYALIST
929,5,244,5342.55,3,5,5,POTENTIAL LOYALIST
397,5,248,6161.99,3,5,5,POTENTIAL LOYALIST
1042,5,248,5284.12,3,5,5,POTENTIAL LOYALIST
1835,5,310,10995.71,3,5,5,POTENTIAL LOYALIST
728,5,475,10732.91,3,5,5,POTENTIAL LOYALIST
68,5,553,4960.77,3,5,4,POTENTIAL LOYALIST
1307,4,174,2049.58,3,5,3,POTENTIAL LOYALIST
908,4,199,6097.47,3,5,5,POTENTIAL LOYALIST
803,4,65,2036.84,3,3,3,POTENTIAL LOYALIST
2415,4,126,1676.34,3,4,3,POTENTIAL LOYALIST
989,4,174,4.663.380.000.000.000.000.000.000,3,5,4,POTENTIAL LOYALIST
2446,4,190,6455.78,3,5,5,POTENTIAL LOYALIST
915,4,119,970.11,3,4,2,REGULAR
834,4,28,946.28,3,1,2,OCCASIONAL CUSTOMER
314,4,41,3004.01,3,2,4,OCCASIONAL CUSTOMER
1530,4,48,879.93,3,2,2,OCCASIONAL CUSTOMER
1513,4,64,931.89,3,3,2,REGULAR
1684,4,50,1449.58,3,2,2,OCCASIONAL CUSTOMER
1756,4,67,3344.29,3,3,4,POTENTIAL LOYALIST
1326,4,394,8831.21,3,5,5,POTENTIAL LOYALIST
1463,4,139,3460.15,3,4,4,POTENTIAL LOYALIST
1317,4,196,4065.24,3,5,4,POTENTIAL LOYALIST
801,4,29,1652.07,3,1,3,OCCASIONAL CUSTOMER
1418,4,78,2735.2,3,3,3,POTENTIAL LOYALIST
2127,4,26,1461.82,3,1,2,OCCASIONAL CUSTOMER
228,4,87,2404.81,3,3,3,POTENTIAL LOYALIST
2229,4,56,2415.49,3,2,3,OCCASIONAL CUSTOMER
526,4,183,4574.92,3,5,4,POTENTIAL LOYALIST
2192,4,29,492.03,3,1,1,OCCASIONAL CUSTOMER
2243,4,44,4019.71,3,2,4,OCCASIONAL CUSTOMER
2269,4,209,3273.95,3,5,4,POTENTIAL LOYALIST
1512,4,93,1674.23,3,3,3,POTENTIAL LOYALIST
1330,4,86,2177.55,3,3,3,POTENTIAL LOYALIST
1074,4,132,7769.22,3,4,5,POTENTIAL LOYALIST
1399,4,33,1032.63,3,2,2,OCCASIONAL CUSTOMER
1685,4,97,1571.37,3,3,2,REGULAR
2451,4,192,8335.74,3,5,5,POTENTIAL LOYALIST
1538,4,32,504.92,3,1,1,OCCASIONAL CUSTOMER
540,4,93,3280.73,3,3,4,POTENTIAL LOYALIST
2211,4,78,2292.52,3,3,3,POTENTIAL LOYALIST
118,4,90,4526.21,3,3,4,POTENTIAL LOYALIST
2129,4,163,7164.99,3,4,5,POTENTIAL LOYALIST
2447,4,132,7520.94,3,4,5,POTENTIAL LOYALIST
1709,4,87,2141.64,3,3,3,POTENTIAL LOYALIST
1394,4,151,4391.58,3,4,4,POTENTIAL LOYALIST
2321,4,18,336.09,3,1,1,OCCASIONAL CUSTOMER
470,4,156,2305,3,4,3,POTENTIAL LOYALIST
2117,4,63,1050.39,3,3,2,REGULAR
1865,4,161,6651.93,3,4,5,POTENTIAL LOYALIST
1766,4,38,460.68,3,2,1,OCCASIONAL CUSTOMER
1111,4,321,18894.72,3,5,5,POTENTIAL LOYALIST
1793,4,63,1888.55,3,3,3,POTENTIAL LOYALIST
718,4,599,19299.86,3,5,5,POTENTIAL LOYALIST
1658,4,69,1778.67,3,3,3,POTENTIAL LOYALIST
1873,4,269,5686.82,3,5,5,POTENTIAL LOYALIST
1235,4,20,894,3,1,2,OCCASIONAL CUSTOMER
1641,4,47,577.62,3,2,1,OCCASIONAL CUSTOMER
654,4,146,2330.08,3,4,3,POTENTIAL LOYALIST
1474,4,72,2445.87,3,3,3,POTENTIAL LOYALIST
2381,4,92,2185.28,3,3,3,POTENTIAL LOYALIST
2184,4,260,5094.8,3,5,5,POTENTIAL LOYALIST
1244,4,34,603.45,3,2,1,OCCASIONAL CUSTOMER
1422,4,11,481.77,3,1,1,OCCASIONAL CUSTOMER
2260,4,133,7456.64,3,4,5,POTENTIAL LOYALIST
460,4,113,760.45,3,4,1,REGULAR
1933,4,85,2180.22,3,3,3,POTENTIAL LOYALIST
1018,4,167,2138.59,3,5,3,POTENTIAL LOYALIST
1730,4,167,3509.78,3,5,4,POTENTIAL LOYALIST
563,4,72,2488.77,3,3,3,POTENTIAL LOYALIST
958,4,11,313.37,3,1,1,OCCASIONAL CUSTOMER
6,4,250,5996.16,3,5,5,POTENTIAL LOYALIST
2484,4,157,7824.64,3,4,5,POTENTIAL LOYALIST
1145,4,81,3875.17,3,3,4,POTENTIAL LOYALIST
2222,4,40,3076.27,3,2,4,OCCASIONAL CUSTOMER
2418,4,113,1572.61,3,4,2,REGULAR
379,4,2,55.64,3,1,1,OCCASIONAL CUSTOMER
1171,4,34,996.6,3,2,2,OCCASIONAL CUSTOMER
964,4,88,2044.85,3,3,3,POTENTIAL LOYALIST
1024,4,145,9448.75,3,4,5,POTENTIAL LOYALIST
269,4,84,1764.76,3,3,3,POTENTIAL LOYALIST
1185,4,61,1334.18,3,3,2,REGULAR
1665,4,108,1556.84,3,4,2,REGULAR
1359,4,76,1192.68,3,3,2,REGULAR
949,4,134,5799.97,3,4,5,POTENTIAL LOYALIST
1859,4,35,1791.28,3,2,3,OCCASIONAL CUSTOMER
1257,4,31,1389.12,3,1,2,OCCASIONAL CUSTOMER
455,4,25,1253.4,3,1,2,OCCASIONAL CUSTOMER
1998,4,331,2383.54,3,5,3,POTENTIAL LOYALIST
1529,4,244,9025.51,3,5,5,POTENTIAL LOYALIST
35,4,60,1119.51,3,3,2,REGULAR
785,4,103,2089.8,3,4,3,POTENTIAL LOYALIST
1987,4,76,1973.54,3,3,3,POTENTIAL LOYALIST
510,4,346,7903.36,3,5,5,POTENTIAL LOYALIST
1942,4,151,3135.06,3,4,4,POTENTIAL LOYALIST
1378,4,121,6933.72,3,4,5,POTENTIAL LOYALIST
1291,4,103,3290.01,4,4,4,LOYALIST
577,4,39,4399.53,4,2,4,OCCASIONAL CUSTOMER
2054,4,26,217.6,4,1,1,OCCASIONAL CUSTOMER
356,4,234,2837.33,4,5,4,LOYALIST
1764,4,135,11412.2,4,4,5,LOYALIST
638,4,164,8039.29,4,5,5,LOYALIST
1989,4,153,3052.87,4,4,4,LOYALIST
565,4,21,498.06,4,1,1,OCCASIONAL CUSTOMER
1053,4,96,4616.42,4,3,4,POTENTIAL LOYALIST
628,4,18,1147.99,4,1,2,OCCASIONAL CUSTOMER
627,4,45,1785.46,4,2,3,OCCASIONAL CUSTOMER
332,4,118,5519.02,4,4,5,LOYALIST
2003,4,42,1976.48,4,2,3,OCCASIONAL CUSTOMER
1224,4,92,2363.78,4,3,3,POTENTIAL LOYALIST
1611,4,51,677.46,4,2,1,OCCASIONAL CUSTOMER
1320,4,14,360.43,4,1,1,OCCASIONAL CUSTOMER
1900,4,56,8541.14,4,2,5,OCCASIONAL CUSTOMER
1837,4,160,7528.5,4,4,5,LOYALIST
41,4,73,3107.13,4,3,4,POTENTIAL LOYALIST
87,4,45,1202.3,4,2,2,OCCASIONAL CUSTOMER
2118,3,29,1107.79,4,1,2,OCCASIONAL CUSTOMER
1879,3,274,4861.95,4,5,4,LOYALIST
1567,3,155,2124.23,4,4,3,POTENTIAL LOYALIST
2217,3,192,4430.01,4,5,4,LOYALIST
1620,3,337,9219.35,4,5,5,LOYALIST
952,3,111,2201.47,4,4,3,POTENTIAL LOYALIST
2367,3,142,4495.53,4,4,4,LOYALIST
2018,3,148,4038.15,4,4,4,LOYALIST
1591,3,111,4844.96,4,4,4,LOYALIST
47,3,111,2329.13,4,4,3,POTENTIAL LOYALIST
1826,3,111,1994.47,4,4,3,POTENTIAL LOYALIST
1391,3,169,8105.74,4,5,5,LOYALIST
254,3,43,442.14,4,2,1,OCCASIONAL CUSTOMER
687,3,69,3205.8,4,3,4,POTENTIAL LOYALIST
270,3,41,923.46,4,2,2,OCCASIONAL CUSTOMER
813,3,33,2065.1,4,2,3,OCCASIONAL CUSTOMER
849,3,62,4599.52,4,3,4,POTENTIAL LOYALIST
1722,3,258,11229.71,4,5,5,LOYALIST
597,3,100,3826.25,4,4,4,LOYALIST
2393,3,61,4048.29,4,3,4,POTENTIAL LOYALIST
637,3,113,2510.04,4,4,3,POTENTIAL LOYALIST
1589,3,18,341.54,4,1,1,OCCASIONAL CUSTOMER
2500,3,113,5486.16,4,4,5,LOYALIST
924,3,95,2336.18,4,3,3,POTENTIAL LOYALIST
837,3,36,793.38,4,2,2,OCCASIONAL CUSTOMER
1066,3,245,3114.34,4,5,4,LOYALIST
367,3,114,71.863.700.000.000.000.000.000.000,4,4,5,LOYALIST
959,3,60,1074.69,4,3,2,REGULAR
96,3,59,1182.43,4,3,2,REGULAR
1151,3,159,2808.91,4,4,4,LOYALIST
101,3,242,6651.58,4,5,5,LOYALIST
1445,3,178,5130.59,4,5,5,LOYALIST
676,3,376,107.411.000.000.000.000.000.000.000,4,5,5,LOYALIST
825,3,242,11835.02,4,5,5,LOYALIST
164,3,116,42.724.100.000.000.000.000.000.000,4,4,4,LOYALIST
1844,3,83,1523.8,4,3,2,REGULAR
1936,3,463,5029.86,4,5,4,LOYALIST
434,3,117,3778.75,4,4,4,LOYALIST
2311,3,58,1830.83,4,2,3,OCCASIONAL CUSTOMER
388,3,58,1286.54,4,2,2,OCCASIONAL CUSTOMER
2380,3,177,5018.78,4,5,4,LOYALIST
1473,3,118,4339.15,4,4,4,LOYALIST
2010,3,58,1605.98,4,2,2,OCCASIONAL CUSTOMER
1815,3,89,4405.47,4,3,4,POTENTIAL LOYALIST
2050,3,160,5193.22,4,4,5,LOYALIST
1816,3,160,3869.51,4,4,4,LOYALIST
1302,3,36,757.95,4,2,1,OCCASIONAL CUSTOMER
1070,3,177,5187.13,4,5,5,LOYALIST
328,3,239,17332.13,4,5,5,LOYALIST
1376,3,235,11041.41,4,5,5,LOYALIST
1588,3,234,5199.98,4,5,5,LOYALIST
696,3,326,14715.53,4,5,5,LOYALIST
2094,3,75,3055.52,4,3,4,POTENTIAL LOYALIST
934,3,234,10709.38,4,5,5,LOYALIST
1996,3,119,2654.2,4,4,3,POTENTIAL LOYALIST
545,3,56,2660.28,4,2,3,OCCASIONAL CUSTOMER
1167,3,150,6798.79,4,4,5,LOYALIST
1159,3,233,4468.63,4,5,4,LOYALIST
114,3,88,3315.63,4,3,4,POTENTIAL LOYALIST
1979,3,101,1146.67,4,4,2,REGULAR
2159,3,121,2018.95,4,4,3,POTENTIAL LOYALIST
1288,3,55,1896.5,4,2,3,OCCASIONAL CUSTOMER
716,3,81,1290.68,4,3,2,REGULAR
437,3,90,5915.73,4,3,5,POTENTIAL LOYALIST
1703,3,233,4648.88,4,5,4,LOYALIST
614,3,122,2757.24,4,4,3,POTENTIAL LOYALIST
191,3,34,552.85,4,2,1,OCCASIONAL CUSTOMER
1204,3,81,2043.13,4,3,3,POTENTIAL LOYALIST
868,3,162,6836.65,4,4,5,LOYALIST
606,3,97,3323.12,4,3,4,POTENTIAL LOYALIST
847,3,53,1463.32,4,2,2,OCCASIONAL CUSTOMER
1568,3,81,4575.94,4,3,4,POTENTIAL LOYALIST
1336,3,123,6035.21,4,4,5,LOYALIST
109,3,104,3501.07,4,4,4,LOYALIST
141,3,52,448.34,4,2,1,OCCASIONAL CUSTOMER
2384,3,19,801.41,4,1,2,OCCASIONAL CUSTOMER
1965,3,163,4142.69,4,4,4,LOYALIST
88,3,229,11615.66,4,5,5,LOYALIST
2280,3,228,12332.91,4,5,5,LOYALIST
378,3,325,4715.42,4,5,4,LOYALIST
1770,3,477,8793.19,4,5,5,LOYALIST
1619,3,185,4454.73,4,5,4,LOYALIST
670,3,192,5685.67,4,5,5,LOYALIST
280,3,105,2375.86,4,4,3,POTENTIAL LOYALIST
82,3,51,566.51,4,2,1,OCCASIONAL CUSTOMER
1481,3,164,3298.77,4,5,4,LOYALIST
2116,3,224,12228.09,4,5,5,LOYALIST
923,3,164,3305.54,4,5,4,LOYALIST
1115,3,51,1828.64,4,2,3,OCCASIONAL CUSTOMER
36,3,221,4898.25,4,5,4,LOYALIST
263,3,325,5870.33,4,5,5,LOYALIST
1924,3,221,6225.45,4,5,5,LOYALIST
907,3,92,1953.06,4,3,3,POTENTIAL LOYALIST
138,3,68,3529.19,4,3,4,POTENTIAL LOYALIST
703,3,219,9475.69,4,5,5,LOYALIST
1601,3,23,1288.54,4,1,2,OCCASIONAL CUSTOMER
2358,3,79,2423.25,4,3,3,POTENTIAL LOYALIST
2351,3,322,16616.78,4,5,5,LOYALIST
2277,3,126,3888.44,4,4,4,LOYALIST
1913,3,49,895.76,4,2,2,OCCASIONAL CUSTOMER
1964,3,68,1990.12,4,3,3,POTENTIAL LOYALIST
1484,3,106,3209.39,4,4,4,LOYALIST
205,3,106,3749.64,4,4,4,LOYALIST
359,657,2,172.85,1,1,1,LOST
1830,642,1,39.44,1,1,1,LOST
1897,642,1,19.58,1,1,1,LOST
2265,639,3,77.44,1,1,1,LOST
2201,639,2,27.51,1,1,1,LOST
313,625,4,92.54,1,1,1,LOST
494,617,1,8.17,1,1,1,LOST
1727,593,2,149.01,1,1,1,LOST
102,532,8,304.84,1,1,1,LOST
1504,514,3,66.33,1,1,1,LOST
2365,486,7,313.65,1,1,1,LOST
1052,480,7,231.66,1,1,1,LOST
1455,451,14,820.18,1,1,2,LOST
605,3,128,5856.38,4,4,5,LOYALIST
1283,3,49,332.46,4,2,1,OCCASIONAL CUSTOMER
1846,3,25,690.39,4,1,1,OCCASIONAL CUSTOMER
2483,3,83,1770.91,4,3,3,POTENTIAL LOYALIST
1571,3,49,567.87,4,2,1,OCCASIONAL CUSTOMER
937,3,68,1669.89,4,3,3,POTENTIAL LOYALIST
1303,3,212,6344.09,4,5,5,LOYALIST
1295,3,68,1637.41,4,3,3,POTENTIAL LOYALIST
1239,3,26,2068.5,4,1,3,OCCASIONAL CUSTOMER
1178,3,212,5022.28,4,5,4,LOYALIST
527,3,130,3581.52,4,4,4,LOYALIST
1186,3,79,6060.38,4,3,5,POTENTIAL LOYALIST
1534,3,313,8449.68,4,5,5,LOYALIST
1148,3,26,478.59,4,1,1,OCCASIONAL CUSTOMER
2376,3,183,3925.49,4,5,4,LOYALIST
2108,3,131,1830.99,4,4,3,POTENTIAL LOYALIST
916,3,206,3764.6,4,5,4,LOYALIST
2205,3,107,1978.76,4,4,3,POTENTIAL LOYALIST
236,3,47,1591.78,4,2,2,OCCASIONAL CUSTOMER
1103,3,204,6104.19,4,5,5,LOYALIST
2326,3,47,1322.87,4,2,2,OCCASIONAL CUSTOMER
1470,3,133,1991.33,4,4,3,POTENTIAL LOYALIST
1393,3,203,5950.89,4,5,5,LOYALIST
1110,3,133,5508.47,4,4,5,LOYALIST
1915,3,28,485.8,4,1,1,OCCASIONAL CUSTOMER
1581,3,28,1249.26,4,1,2,OCCASIONAL CUSTOMER
373,3,13,96.91,4,1,1,OCCASIONAL CUSTOMER
2189,3,91,1335.47,4,3,2,REGULAR
784,3,134,3117.66,4,4,4,LOYALIST
590,3,134,3338.41,4,4,4,LOYALIST
115,3,201,13262.1,4,5,5,LOYALIST
1137,3,134,2121.89,4,4,3,POTENTIAL LOYALIST
685,3,201,6019.77,4,5,5,LOYALIST
1517,3,135,3871.04,4,4,4,LOYALIST
1652,3,39,946,4,2,2,OCCASIONAL CUSTOMER
667,3,66,1121.2,4,3,2,REGULAR
1021,3,99,2086.12,4,3,3,POTENTIAL LOYALIST
1970,3,69,1091.08,4,3,2,REGULAR
2360,3,343,93.945.800.000.000.000.000.000.000,4,5,5,LOYALIST
1520,3,142,3839.36,4,4,4,LOYALIST
876,3,200,5899.04,4,5,5,LOYALIST
235,3,200,12156.64,4,5,5,LOYALIST
322,3,71,2418.88,4,3,3,POTENTIAL LOYALIST
1397,3,283,57.076.000.000.000.000.000.000.000,4,5,5,LOYALIST
210,3,147,3772.56,4,4,4,LOYALIST
1839,3,99,1764.15,4,3,3,POTENTIAL LOYALIST
1306,3,171,3041.69,4,5,4,LOYALIST
1296,3,80,2124.43,4,3,3,POTENTIAL LOYALIST
702,3,276,8205.68,4,5,5,LOYALIST
493,3,196,4925.56,4,5,4,LOYALIST
1029,3,276,13785.55,4,5,5,LOYALIST
1374,3,99,2841.56,4,4,4,LOYALIST
79,3,154,3950.12,4,4,4,LOYALIST
1064,3,44,3074.68,4,2,4,OCCASIONAL CUSTOMER
1928,2,114,2328.37,4,4,3,POTENTIAL LOYALIST
1192,2,100,1482.54,4,4,2,REGULAR
787,2,190,2504.59,4,5,3,POTENTIAL LOYALIST
666,2,100,1020.7,4,4,2,REGULAR
2346,2,30,1220.38,4,1,2,OCCASIONAL CUSTOMER
1740,2,390,11938.2,4,5,5,LOYALIST
1761,2,31,1845.46,4,1,3,OCCASIONAL CUSTOMER
595,2,146,2373.74,4,4,3,POTENTIAL LOYALIST
1719,2,83,3402.45,4,3,4,POTENTIAL LOYALIST
878,2,181,5980.72,4,5,5,LOYALIST
1061,2,147,6211.67,4,4,5,LOYALIST
641,2,355,13221.75,4,5,5,LOYALIST
131,2,354,6156.22,4,5,5,LOYALIST
475,2,41,1525.02,4,2,2,OCCASIONAL CUSTOMER
473,2,70,3208.71,4,3,4,POTENTIAL LOYALIST
2307,2,179,6009.24,4,5,5,LOYALIST
2407,2,179,66.652.200.000.000.000.000.000.000,4,5,5,LOYALIST
1768,2,70,1522.47,4,3,2,REGULAR
884,2,70,674.35,4,3,1,REGULAR
1566,2,347,10567.71,4,5,5,LOYALIST
1705,2,176,1805.93,4,5,3,POTENTIAL LOYALIST
1847,2,103,2678.71,4,4,3,POTENTIAL LOYALIST
1395,2,40,1142.42,4,2,2,OCCASIONAL CUSTOMER
1545,2,174,3948.53,4,5,4,LOYALIST
1388,2,151,6949.16,4,4,5,LOYALIST
1222,2,174,5833.39,4,5,5,LOYALIST
464,2,173,3590.49,4,5,4,LOYALIST
276,2,173,5758.71,4,5,5,LOYALIST
2370,2,172,5307.52,4,5,5,LOYALIST
939,2,154,5254.66,4,4,5,LOYALIST
157,2,172,2748.95,4,5,3,POTENTIAL LOYALIST
338,2,154,2690.97,4,4,3,POTENTIAL LOYALIST
453,2,34,742.95,4,2,1,OCCASIONAL CUSTOMER
2499,2,90,3394.07,4,3,4,POTENTIAL LOYALIST
29,2,69,1343.03,4,3,2,REGULAR
1891,2,38,1344.71,4,2,2,OCCASIONAL CUSTOMER
660,2,168,7954.28,4,5,5,LOYALIST
2216,2,34,454.57,4,2,1,OCCASIONAL CUSTOMER
354,2,157,8729.87,4,4,5,LOYALIST
392,2,104,11443.97,4,4,5,LOYALIST
711,2,36,429.79,4,2,1,OCCASIONAL CUSTOMER
2328,2,166,14193.61,4,5,5,LOYALIST
172,2,159,1770.87,4,4,3,POTENTIAL LOYALIST
732,2,104,3967.82,4,4,4,LOYALIST
34,2,36,407.38,4,2,1,OCCASIONAL CUSTOMER
1739,2,34,778.4,4,2,2,OCCASIONAL CUSTOMER
1733,2,34,1487.37,4,2,2,OCCASIONAL CUSTOMER
625,2,34,1233.92,4,2,2,OCCASIONAL CUSTOMER
2049,2,36,998.12,4,2,2,OCCASIONAL CUSTOMER
1872,2,162,3762.97,4,4,4,LOYALIST
1849,2,162,2666.5,4,4,3,POTENTIAL LOYALIST
1402,2,165,2245.76,4,5,3,POTENTIAL LOYALIST
369,2,35,1034.95,4,2,2,OCCASIONAL CUSTOMER
1958,2,35,1017.86,4,2,2,OCCASIONAL CUSTOMER
632,2,94,3370.68,4,3,4,POTENTIAL LOYALIST
663,2,105,3199.53,4,4,4,LOYALIST
752,2,106,3792.56,4,4,4,LOYALIST
2250,2,68,2333.16,4,3,3,POTENTIAL LOYALIST
799,2,68,2084.11,4,3,3,POTENTIAL LOYALIST
2312,2,321,14682.81,4,5,5,LOYALIST
2337,2,1210,11703.97,4,5,5,LOYALIST
95,2,308,6500.18,4,5,5,LOYALIST
2267,2,67,2304.15,4,3,3,POTENTIAL LOYALIST
755,2,307,10617.05,4,5,5,LOYALIST
2171,2,107,4031.08,4,4,4,LOYALIST
2385,2,306,6158.06,4,5,5,LOYALIST
1634,2,85,4616.14,4,3,4,POTENTIAL LOYALIST
390,2,108,1806.02,4,4,3,POTENTIAL LOYALIST
1267,2,66,1689.84,4,3,3,POTENTIAL LOYALIST
1355,2,14,547.82,4,1,1,OCCASIONAL CUSTOMER
2196,2,65,1153.05,4,3,2,REGULAR
2282,2,79,1103.88,4,3,2,REGULAR
351,2,296,7659.67,4,5,5,LOYALIST
788,2,295,7514.2,4,5,5,LOYALIST
1461,2,290,7246.2,4,5,5,LOYALIST
1124,2,79,1896.39,4,3,3,POTENTIAL LOYALIST
2231,2,94,4400.26,4,3,4,POTENTIAL LOYALIST
1325,2,64,2835.99,4,3,4,POTENTIAL LOYALIST
1877,2,64,1975.04,4,3,3,POTENTIAL LOYALIST
13,2,275,13190.92,4,5,5,LOYALIST
75,2,64,1167.09,4,3,2,REGULAR
985,2,110,2057.47,4,4,3,POTENTIAL LOYALIST
1854,2,273,7631.72,4,5,5,LOYALIST
1274,2,273,12503.24,4,5,5,LOYALIST
893,2,111,4729.01,4,4,4,LOYALIST
2233,2,273,8440.77,4,5,5,LOYALIST
2388,2,63,1703.02,4,3,3,POTENTIAL LOYALIST
287,2,271,3229.28,4,5,4,LOYALIST
1094,2,95,5935.57,4,3,5,POTENTIAL LOYALIST
2065,2,89,3268.33,4,3,4,POTENTIAL LOYALIST
119,2,62,2593.01,4,3,3,POTENTIAL LOYALIST
441,2,76,2369.9,4,3,3,POTENTIAL LOYALIST
679,2,262,6494.31,4,5,5,LOYALIST
2221,2,113,2301.4,4,4,3,POTENTIAL LOYALIST
1721,2,17,339.59,4,1,1,OCCASIONAL CUSTOMER
99,2,255,6926.15,4,5,5,LOYALIST
1004,2,253,3708.72,4,5,4,LOYALIST
2263,2,460,5763.97,4,5,5,LOYALIST
1748,2,247,5161.78,4,5,5,LOYALIST
1492,2,95,1226.29,4,3,2,REGULAR
2467,2,396,12850.56,4,5,5,LOYALIST
901,2,76,2766.7,4,3,3,POTENTIAL LOYALIST
914,2,60,1834.08,4,3,3,POTENTIAL LOYALIST
2369,2,76,2709.79,4,3,3,POTENTIAL LOYALIST
1039,2,82,5168.38,4,3,5,POTENTIAL LOYALIST
7,2,59,3400.05,4,2,4,OCCASIONAL CUSTOMER
198,2,461,8659.17,4,5,5,LOYALIST
2319,2,117,1148.68,4,4,2,REGULAR
2289,2,88,2428.06,4,3,3,POTENTIAL LOYALIST
534,2,465,13.154.400.000.000.000.000.000.000,4,5,2,REGULAR
2242,2,118,1239.07,4,4,2,REGULAR
2343,2,240,4627.48,4,5,4,LOYALIST
404,2,240,6107.18,4,5,5,LOYALIST
2432,2,238,4948.11,4,5,4,LOYALIST
2458,2,56,1118.33,4,2,2,OCCASIONAL CUSTOMER
1294,2,56,4829.32,4,2,4,OCCASIONAL CUSTOMER
2154,2,120,2523.34,4,4,3,POTENTIAL LOYALIST
2109,2,120,2508.24,4,4,3,POTENTIAL LOYALIST
288,2,92,3114.77,4,3,4,POTENTIAL LOYALIST
1219,2,121,823.08,4,4,2,REGULAR
1007,2,122,1368.97,4,4,2,REGULAR
24,2,74,1911.11,4,3,3,POTENTIAL LOYALIST
1960,2,93,2637.78,4,3,3,POTENTIAL LOYALIST
2330,2,73,5683.36,4,3,5,POTENTIAL LOYALIST
2218,2,19,9.752.500.000.000.000.000.000.000,4,1,2,OCCASIONAL CUSTOMER
2209,2,232,6996.68,4,5,5,LOYALIST
1247,2,123,6639.95,4,4,5,LOYALIST
564,2,52,842.45,4,2,2,OCCASIONAL CUSTOMER
219,2,228,11884.79,4,5,5,LOYALIST
491,2,124,4835.71,4,4,4,LOYALIST
827,2,20,326.88,4,1,1,OCCASIONAL CUSTOMER
167,2,20,1268.02,4,1,2,OCCASIONAL CUSTOMER
1191,2,98,2485.87,4,3,3,POTENTIAL LOYALIST
67,2,227,9618.9,4,5,5,LOYALIST
103,2,51,541.99,4,2,1,OCCASIONAL CUSTOMER
113,2,223,15324.95,4,5,5,LOYALIST
1800,2,85,3667.31,4,3,4,POTENTIAL LOYALIST
311,2,51,1351.13,4,2,2,OCCASIONAL CUSTOMER
48,2,50,1172.83,4,2,2,OCCASIONAL CUSTOMER
1434,2,220,4160.33,4,5,4,LOYALIST
348,2,126,2961.83,4,4,4,LOYALIST
134,2,86,5535.09,4,3,5,POTENTIAL LOYALIST
698,2,127,1204.49,4,4,2,REGULAR
750,2,49,598.62,4,2,1,OCCASIONAL CUSTOMER
2333,2,24,270.6,4,1,1,OCCASIONAL CUSTOMER
611,2,73,2316.24,4,3,3,POTENTIAL LOYALIST
458,2,127,1685.64,4,4,3,POTENTIAL LOYALIST
2036,2,49,4064.45,4,2,4,OCCASIONAL CUSTOMER
1707,2,749,6580.49,4,5,5,LOYALIST
2188,2,129,3917.34,4,4,4,LOYALIST
789,2,26,370.3,4,1,1,OCCASIONAL CUSTOMER
2141,2,90,5246.67,4,3,5,POTENTIAL LOYALIST
1659,2,130,2820.61,4,4,4,LOYALIST
222,2,130,5897.9,4,4,5,LOYALIST
2158,2,131,3194.17,4,4,4,LOYALIST
1425,2,131,3828.6,4,4,4,LOYALIST
1350,2,131,2568.6,4,4,3,POTENTIAL LOYALIST
78,2,210,2505.14,4,5,3,POTENTIAL LOYALIST
1490,2,208,5064.7,4,5,4,LOYALIST
1621,2,90,3231.48,4,3,4,POTENTIAL LOYALIST
871,2,132,10435.96,4,4,5,LOYALIST
1479,2,716,9129.23,4,5,5,LOYALIST
1679,2,47,276.13,4,2,1,OCCASIONAL CUSTOMER
1596,2,28,2154.63,4,1,3,OCCASIONAL CUSTOMER
1586,2,72,2237.21,4,3,3,POTENTIAL LOYALIST
1120,2,87,1737.84,4,3,3,POTENTIAL LOYALIST
409,2,135,4499.85,4,4,4,LOYALIST
1050,2,135,5134.89,4,4,5,LOYALIST
885,2,87,2602.8,4,3,3,POTENTIAL LOYALIST
2350,2,46,1915.65,4,2,3,OCCASIONAL CUSTOMER
56,2,201,6691.53,4,5,5,LOYALIST
2274,2,71,6974.46,4,3,5,POTENTIAL LOYALIST
946,2,136,2530.45,4,4,3,POTENTIAL LOYALIST
747,2,136,1166.73,4,4,2,REGULAR
1991,2,45,320.14,4,2,1,OCCASIONAL CUSTOMER
447,2,136,1670.44,4,4,3,POTENTIAL LOYALIST
1279,2,199,4793.46,4,5,4,LOYALIST
1285,2,137,5048.59,4,4,4,LOYALIST
2444,2,6,69.94,4,1,1,OCCASIONAL CUSTOMER
2024,2,99,4956.99,4,3,4,POTENTIAL LOYALIST
886,2,198,48.901.100.000.000.000.000.000.000,4,5,4,LOYALIST
536,2,87,1557.13,4,3,2,REGULAR
1806,2,139,3979.6,4,4,4,LOYALIST
1663,2,196,1834.06,4,5,3,POTENTIAL LOYALIST
1236,2,194,3993.01,4,5,4,LOYALIST
57,2,194,3.105.870.000.000.000.000.000.000,4,5,4,LOYALIST
1661,2,44,1425.4,4,2,2,OCCASIONAL CUSTOMER
1791,2,140,2970.1,4,4,4,LOYALIST
2100,2,71,3185.31,4,3,4,POTENTIAL LOYALIST
2133,2,141,6759.92,4,4,5,LOYALIST
305,2,141,3827.02,4,4,4,LOYALIST
1751,2,142,4142.87,4,4,4,LOYALIST
429,2,43,542.89,4,2,1,OCCASIONAL CUSTOMER
582,2,142,5137.74,4,4,5,LOYALIST
1443,1,182,2221.48,4,5,3,POTENTIAL LOYALIST
2078,1,92,2323.92,4,3,3,POTENTIAL LOYALIST
2377,1,82,1107.54,4,3,2,REGULAR
1301,1,80,1494.22,4,3,2,REGULAR
200,1,80,1166.63,4,3,2,REGULAR
601,1,79,5241.27,4,3,5,POTENTIAL LOYALIST
1234,1,94,5547.83,4,3,5,POTENTIAL LOYALIST
192,1,95,3778.08,4,3,4,POTENTIAL LOYALIST
1785,1,75,1555.7,4,3,2,REGULAR
1328,1,96,2544.89,4,3,3,POTENTIAL LOYALIST
1417,1,75,3703.93,4,3,4,POTENTIAL LOYALIST
2039,1,74,2260.46,4,3,3,POTENTIAL LOYALIST
2147,1,96,5706.01,4,3,5,POTENTIAL LOYALIST
982,1,412,18790.34,4,5,5,LOYALIST
1932,1,74,2678.78,4,3,3,POTENTIAL LOYALIST
843,1,74,2619.23,4,3,3,POTENTIAL LOYALIST
307,1,415,2582.03,4,5,3,POTENTIAL LOYALIST
194,1,73,1882.81,4,3,3,POTENTIAL LOYALIST
483,1,98,2718.99,4,3,3,POTENTIAL LOYALIST
549,1,98,2299.35,4,3,3,POTENTIAL LOYALIST
1314,1,421,14330.4,4,5,5,LOYALIST
2466,1,99,2581.82,4,4,3,POTENTIAL LOYALIST
1919,1,100,4154.95,4,4,4,LOYALIST
1131,1,102,3034.77,4,4,4,LOYALIST
569,1,102,6749.19,4,4,5,LOYALIST
350,1,103,3083.25,4,4,4,LOYALIST
31,1,69,4396.9,4,3,4,POTENTIAL LOYALIST
2011,1,104,1367.34,4,4,2,REGULAR
1119,1,68,2232.75,4,3,3,POTENTIAL LOYALIST
395,1,68,872.91,4,3,2,REGULAR
2281,1,105,5008.79,4,4,4,LOYALIST
960,1,106,2447.49,4,4,3,POTENTIAL LOYALIST
43,1,106,884.84,4,4,2,REGULAR
2185,1,106,8550.73,4,4,5,LOYALIST
1015,1,108,3807.72,4,4,4,LOYALIST
394,1,65,1565.89,4,3,2,REGULAR
2023,1,109,1805.63,4,4,3,POTENTIAL LOYALIST
2455,1,109,5339.03,4,4,5,LOYALIST
83,1,110,1183.74,4,4,2,REGULAR
37,1,63,2976.66,4,3,4,POTENTIAL LOYALIST
1548,1,112,3850.53,4,4,4,LOYALIST
211,1,112,2244.06,4,4,3,POTENTIAL LOYALIST
2066,1,112,2141.78,4,4,3,POTENTIAL LOYALIST
897,1,62,840.23,4,3,2,REGULAR
482,1,61,1848.52,4,3,3,POTENTIAL LOYALIST
2424,1,113,41.228.300.000.000.000.000.000.000,4,4,4,LOYALIST
655,1,61,1991.29,4,3,3,POTENTIAL LOYALIST
317,1,61,6083.3,4,3,5,POTENTIAL LOYALIST
1524,1,60,2800.81,4,3,4,POTENTIAL LOYALIST
1797,1,115,5551.49,4,4,5,LOYALIST
2292,1,116,1336.14,4,4,2,REGULAR
1406,1,116,3790.44,4,4,4,LOYALIST
2123,1,59,4332.45,4,2,4,OCCASIONAL CUSTOMER
498,1,58,904.18,4,2,2,OCCASIONAL CUSTOMER
1147,1,57,3779.36,4,2,4,OCCASIONAL CUSTOMER
2425,1,119,4361.02,4,4,4,LOYALIST
1073,1,121,3014.08,4,4,4,LOYALIST
768,1,466,6681.35,4,5,5,LOYALIST
672,1,121,2731.15,4,4,3,POTENTIAL LOYALIST
1575,1,55,1642.49,4,2,3,OCCASIONAL CUSTOMER
197,1,55,1929.23,4,2,3,OCCASIONAL CUSTOMER
2059,1,54,2359.12,4,2,3,OCCASIONAL CUSTOMER
941,1,122,2206.06,4,4,3,POTENTIAL LOYALIST
265,1,53,1881.76,4,2,3,OCCASIONAL CUSTOMER
427,1,53,1073.01,4,2,2,OCCASIONAL CUSTOMER
1689,1,122,2711.79,4,4,3,POTENTIAL LOYALIST
1715,1,53,983.53,4,2,2,OCCASIONAL CUSTOMER
1375,1,122,3745.41,4,4,4,LOYALIST
407,1,52,696.38,4,2,1,OCCASIONAL CUSTOMER
1358,1,123,2466.68,4,4,3,POTENTIAL LOYALIST
692,1,124,3891.14,4,4,4,LOYALIST
471,1,51,1530.12,4,2,2,OCCASIONAL CUSTOMER
1691,1,50,2283.69,4,2,3,OCCASIONAL CUSTOMER
273,1,127,2500.86,4,4,3,POTENTIAL LOYALIST
1896,1,129,3378.34,4,4,4,LOYALIST
869,1,130,1428.67,4,4,2,REGULAR
1271,1,132,4155.52,4,4,4,LOYALIST
1962,1,132,3512.55,4,4,4,LOYALIST
2492,1,133,2858.85,4,4,4,LOYALIST
1187,1,133,2996.18,4,4,4,LOYALIST
515,1,47,1826.73,4,2,3,OCCASIONAL CUSTOMER
1767,1,485,9204.22,4,5,5,LOYALIST
376,1,493,4714.62,4,5,4,LOYALIST
919,1,135,1469.45,4,4,2,REGULAR
1941,1,135,742.85,4,4,1,REGULAR
1704,1,46,400.83,4,2,1,OCCASIONAL CUSTOMER
2301,1,137,4661.63,4,4,4,LOYALIST
2293,1,45,2462.95,4,2,3,OCCASIONAL CUSTOMER
1607,1,138,3882.88,4,4,4,LOYALIST
1556,1,138,3799.8,4,4,4,LOYALIST
677,1,45,1600.99,4,2,2,OCCASIONAL CUSTOMER
1595,1,139,5644.07,4,4,5,LOYALIST
1531,1,45,978.91,4,2,2,OCCASIONAL CUSTOMER
1114,1,44,970.95,4,2,2,OCCASIONAL CUSTOMER
844,1,141,5399.64,4,4,5,LOYALIST
621,1,142,3179.15,4,4,4,LOYALIST
974,1,43,1993.06,4,2,3,OCCASIONAL CUSTOMER
2121,1,143,5582.79,4,4,5,LOYALIST
1540,1,143,3598.69,4,4,4,LOYALIST
1506,1,144,2389.2,4,4,3,POTENTIAL LOYALIST
1364,1,145,2466.05,4,4,3,POTENTIAL LOYALIST
853,1,516,13497.29,4,5,5,LOYALIST
2452,1,146,3060.36,4,4,4,LOYALIST
203,1,42,908.83,4,2,2,OCCASIONAL CUSTOMER
1289,1,525,1512.08,4,5,2,REGULAR
858,1,42,594.23,4,2,1,OCCASIONAL CUSTOMER
1489,1,536,17251.53,4,5,5,LOYALIST
622,1,147,2384.37,4,4,3,POTENTIAL LOYALIST
1653,1,541,19.153.750.000.000.000.000.000.000,4,5,5,LOYALIST
2481,1,148,5403.5,4,4,5,LOYALIST
618,1,544,7343.87,4,5,5,LOYALIST
1027,1,41,1064.99,4,2,2,OCCASIONAL CUSTOMER
1692,1,150,2017.18,4,4,3,POTENTIAL LOYALIST
777,1,40,2745.75,4,2,3,OCCASIONAL CUSTOMER
503,1,151,4723.8,4,4,4,LOYALIST
2086,1,575,6269.54,4,5,5,LOYALIST
425,1,151,5543.91,4,4,5,LOYALIST
1868,1,39,700.96,4,2,1,OCCASIONAL CUSTOMER
1788,1,152,9072.28,4,4,5,LOYALIST
2041,1,152,6406.99,4,4,5,LOYALIST
1562,1,39,1198.02,4,2,2,OCCASIONAL CUSTOMER
665,1,39,715.98,4,2,1,OCCASIONAL CUSTOMER
2378,1,154,8311.08,4,4,5,LOYALIST
2392,1,39,1428.9,4,2,2,OCCASIONAL CUSTOMER
156,1,587,5224.07,4,5,5,LOYALIST
1431,1,155,2718.4,4,4,3,POTENTIAL LOYALIST
1671,1,38,1420.41,4,2,2,OCCASIONAL CUSTOMER
2232,1,37,1131.65,4,2,2,OCCASIONAL CUSTOMER
360,1,37,447.6,4,2,1,OCCASIONAL CUSTOMER
431,1,36,531.67,5,2,1,OCCASIONAL CUSTOMER
1602,1,159,6425.14,5,4,5,LOYALIST
1284,1,160,1974.49,5,4,3,POTENTIAL LOYALIST
1695,1,160,1174.56,5,4,2,REGULAR
485,1,162,5431.01,5,4,5,LOYALIST
1906,1,163,8631.61,5,5,5,CHAMPION
1864,1,164,16941.58,5,5,5,CHAMPION
1693,1,164,8354.55,5,5,5,CHAMPION
1976,1,165,3546.81,5,5,4,LOYALIST
1824,1,165,3117.11,5,5,4,LOYALIST
1579,1,600,12695.25,5,5,5,CHAMPION
1172,1,167,4569.24,5,5,4,LOYALIST
1023,1,603,38319.79,5,5,5,CHAMPION
105,1,169,4591.67,5,5,4,LOYALIST
2498,1,172,2601.6,5,5,3,POTENTIAL LOYALIST
1203,1,173,6385.44,5,5,5,CHAMPION
165,1,174,2995.47,5,5,4,LOYALIST
142,1,176,2324.19,5,5,3,POTENTIAL LOYALIST
1113,1,176,4391.3,5,5,4,LOYALIST
1293,1,176,2762.8,5,5,3,POTENTIAL LOYALIST
2070,1,635,9210.42,5,5,5,CHAMPION
1623,1,180,4733.62,5,5,4,LOYALIST
63,1,33,589.6,5,2,1,OCCASIONAL CUSTOMER
568,1,180,8612.85,5,5,5,CHAMPION
2162,1,180,139.234.500.000.000.000.000.000.000,5,5,5,CHAMPION
745,1,180,6713.51,5,5,5,CHAMPION
91,1,181,2899.66,5,5,4,LOYALIST
856,1,182,5080.04,5,5,4,LOYALIST
603,1,182,3219.5,5,5,4,LOYALIST
838,1,32,384.69,5,1,1,OCCASIONAL CUSTOMER
1599,1,182,6161.21,5,5,5,CHAMPION
506,1,32,1254.17,5,1,2,OCCASIONAL CUSTOMER
1057,1,184,8219.34,5,5,5,CHAMPION
904,1,31,890.25,5,1,2,OCCASIONAL CUSTOMER
1117,1,186,3667.44,5,5,4,LOYALIST
765,1,30,1586.58,5,1,2,OCCASIONAL CUSTOMER
1630,1,188,9265.32,5,5,5,CHAMPION
1338,1,189,17.839.800.000.000.000.000.000.000,5,5,3,POTENTIAL LOYALIST
2462,1,189,11593.06,5,5,5,CHAMPION
2256,1,30,1497.56,5,1,2,OCCASIONAL CUSTOMER
2007,1,191,8887.75,5,5,5,CHAMPION
2234,1,192,7971.57,5,5,5,CHAMPION
859,1,194,7074.2,5,5,5,CHAMPION
1557,1,195,6528.36,5,5,5,CHAMPION
209,1,196,6876.56,5,5,5,CHAMPION
2226,1,640,8917.54,5,5,5,CHAMPION
972,1,197,4219.18,5,5,4,LOYALIST
1526,1,199,2901.09,5,5,4,LOYALIST
1580,1,201,1771.02,5,5,3,POTENTIAL LOYALIST
285,1,202,4227.64,5,5,4,LOYALIST
1509,1,204,6452.83,5,5,5,CHAMPION
1321,1,204,1888.13,5,5,3,POTENTIAL LOYALIST
98,1,205,2547.3,5,5,3,POTENTIAL LOYALIST
979,1,205,12854.66,5,5,5,CHAMPION
1126,1,28,2543.36,5,1,3,OCCASIONAL CUSTOMER
258,1,211,2631.11,5,5,3,POTENTIAL LOYALIST
598,1,213,3354.9,5,5,4,LOYALIST
644,1,214,3772.03,5,5,4,LOYALIST
855,1,216,5617.79,5,5,5,CHAMPION
2445,1,217,6546.05,5,5,5,CHAMPION
1453,1,761,21661.29,5,5,5,CHAMPION
1209,1,23,361.42,5,1,1,OCCASIONAL CUSTOMER
1636,1,22,1197.77,5,1,2,OCCASIONAL CUSTOMER
947,1,221,2305.51,5,5,3,POTENTIAL LOYALIST
695,1,226,8523.93,5,5,5,CHAMPION
636,1,227,9045.17,5,5,5,CHAMPION
426,1,228,7860.85,5,5,5,CHAMPION
710,1,229,3724.48,5,5,4,LOYALIST
1040,1,229,5664.74,5,5,5,CHAMPION
1128,1,234,3027,5,5,4,LOYALIST
920,1,238,5887.36,5,5,5,CHAMPION
1795,1,1138,9751.73,5,5,5,CHAMPION
243,1,250,8074.12,5,5,5,CHAMPION
1078,1,250,6885.69,5,5,5,CHAMPION
712,1,256,11711.02,5,5,5,CHAMPION
1778,1,259,9336.3,5,5,5,CHAMPION
1451,1,260,6700.05,5,5,5,CHAMPION
588,1,262,95.405.400.000.000.000.000.000.000,5,5,5,CHAMPION
2284,1,265,17152.63,5,5,5,CHAMPION
161,1,266,6071.52,5,5,5,CHAMPION
294,1,269,5411.36,5,5,5,CHAMPION
389,1,271,14880.92,5,5,5,CHAMPION
690,1,273,4963.14,5,5,4,LOYALIST
523,1,277,5731.87,5,5,5,CHAMPION
2412,1,279,12763.78,5,5,5,CHAMPION
386,1,281,4676.43,5,5,4,LOYALIST
85,1,282,4696.49,5,5,4,LOYALIST
1142,1,284,15178.96,5,5,5,CHAMPION
1491,1,289,5635.97,5,5,5,CHAMPION
1547,1,289,2222.05,5,5,3,POTENTIAL LOYALIST
290,1,290,5524.34,5,5,5,CHAMPION
1045,1,295,4893.11,5,5,4,LOYALIST
805,1,304,55.654.700.000.000.000.000.000.000,5,5,5,CHAMPION
2264,1,315,16960.59,5,5,5,CHAMPION
1584,1,317,7435.38,5,5,5,CHAMPION
1829,1,320,6618.55,5,5,5,CHAMPION
1527,1,321,17295.18,5,5,5,CHAMPION
1277,1,328,5900.81,5,5,5,CHAMPION
1550,1,338,2542.45,5,5,3,POTENTIAL LOYALIST
1475,1,339,14855.21,5,5,5,CHAMPION
2427,1,346,8725.94,5,5,5,CHAMPION
883,1,352,10165.13,5,5,5,CHAMPION
1367,1,352,12125.48,5,5,5,CHAMPION
1476,1,356,9481.75,5,5,5,CHAMPION
454,1,356,821.593.000.000.000.000.000.000.000,5,5,5,CHAMPION
1361,1,11,608.58,5,1,1,OCCASIONAL CUSTOMER
1975,1,363,17548.27,5,5,5,CHAMPION
299,1,11,242.24,5,1,1,OCCASIONAL CUSTOMER
253,1,385,10993.71,5,5,5,CHAMPION
661,1,394,8271.31,5,5,5,CHAMPION
40,1,400,12907.89,5,5,5,CHAMPION
2173,1,86,2177.52,5,3,3,POTENTIAL LOYALIST
77,1,87,6227.1,5,3,5,POTENTIAL LOYALIST
1354,1,87,2534.76,5,3,3,POTENTIAL LOYALIST
1357,1,87,3061.9,5,3,4,POTENTIAL LOYALIST
779,1,86,3918.28,5,3,4,POTENTIAL LOYALIST
1968,1,89,2479.97,5,3,3,POTENTIAL LOYALIST
1300,1,84,2959.65,5,3,4,POTENTIAL LOYALIST
42,1,89,1985.86,5,3,3,POTENTIAL LOYALIST
973,1,84,13486.32,5,3,5,POTENTIAL LOYALIST
1978,1,89,1459.68,5,3,2,REGULAR
1001,1,90,4082,5,3,4,POTENTIAL LOYALIST
1429,1,83,818.56,5,3,2,REGULAR
1304,1,90,899.49,5,3,2,REGULAR
1947,1,90,7209.25,5,3,5,POTENTIAL LOYALIST
308,1,83,2465.26,5,3,3,POTENTIAL LOYALIST
2030,1,90,2628.1,5,3,3,POTENTIAL LOYALIST
139,1,83,3073.33,5,3,4,POTENTIAL LOYALIST
1010,1,91,2486.39,5,3,3,POTENTIAL LOYALIST
116,1,83,647.72,5,3,1,REGULAR
1241,1,91,2041.45,5,3,3,POTENTIAL LOYALIST
143,1,408,6574.23,5,5,5,CHAMPION
51,1,83,3046.86,5,3,4,POTENTIAL LOYALIST
1127,0,29,1563.53,5,1,2,OCCASIONAL CUSTOMER
996,0,139,2220.85,5,4,3,POTENTIAL LOYALIST
2334,0,361,11955.38,5,5,5,CHAMPION
983,0,196,3807.15,5,5,4,LOYALIST
881,0,139,4295.11,5,4,4,LOYALIST
2342,0,196,5934.36,5,5,5,CHAMPION
988,0,196,6109.18,5,5,5,CHAMPION
1130,0,362,6563.15,5,5,5,CHAMPION
2440,0,139,2563.57,5,4,3,POTENTIAL LOYALIST
52,0,139,5487.28,5,4,5,LOYALIST
1920,0,93,19.277.400.000.000.000.000.000.000,5,3,3,POTENTIAL LOYALIST
909,0,713,12414.56,5,5,5,CHAMPION
2313,0,11,105.69,5,1,1,OCCASIONAL CUSTOMER
2168,0,197,5666.66,5,5,5,CHAMPION
1379,0,509,13995.22,5,5,5,CHAMPION
1352,0,138,5398.95,5,4,5,LOYALIST
358,0,371,12729.34,5,5,5,CHAMPION
936,0,502,7089.49,5,5,5,CHAMPION
303,0,199,4879.67,5,5,4,LOYALIST
46,0,137,8433.43,5,4,5,LOYALIST
22,0,136,6256.04,5,4,5,LOYALIST
707,0,498,19194.42,5,5,5,CHAMPION
162,0,71,3037.54,5,3,4,POTENTIAL LOYALIST
771,0,497,7990.97,5,5,5,CHAMPION
2179,0,46,1452.29,5,2,2,OCCASIONAL CUSTOMER
1216,0,134,5303.53,5,4,5,LOYALIST
2139,0,372,4695.59,5,5,4,LOYALIST
1349,0,202,5380.22,5,5,5,CHAMPION
706,0,133,4024.6,5,4,4,LOYALIST
377,0,133,3166.45,5,4,4,LOYALIST
725,0,133,4828.58,5,4,4,LOYALIST
2055,0,133,2408.74,5,4,3,POTENTIAL LOYALIST
726,0,71,2220.15,5,3,3,POTENTIAL LOYALIST
2112,0,132,5116.15,5,4,5,LOYALIST
511,0,373,5425.53,5,5,5,CHAMPION
2215,0,132,2402.11,5,4,3,POTENTIAL LOYALIST
2247,0,90,3992.67,5,3,4,POTENTIAL LOYALIST
738,0,101,2593.12,5,4,3,POTENTIAL LOYALIST
1179,0,205,9428.4,5,5,5,CHAMPION
30,0,28,622.8,5,1,1,OCCASIONAL CUSTOMER
1823,0,377,12268.85,5,5,5,CHAMPION
808,0,206,2317.9,5,5,3,POTENTIAL LOYALIST
630,0,206,7746.27,5,5,5,CHAMPION
1649,0,48,1132.4,5,2,2,OCCASIONAL CUSTOMER
820,0,208,4603.98,5,5,4,LOYALIST
1898,0,48,717.71,5,2,1,OCCASIONAL CUSTOMER
587,0,27,247.93,5,1,1,OCCASIONAL CUSTOMER
326,0,26,739.72,5,1,1,OCCASIONAL CUSTOMER
1817,0,48,1024.72,5,2,2,OCCASIONAL CUSTOMER
631,0,483,9277.72,5,5,5,CHAMPION
1775,0,211,9485.14,5,5,5,CHAMPION
1432,0,9,336.95,5,1,1,OCCASIONAL CUSTOMER
344,0,48,2237.91,5,2,3,OCCASIONAL CUSTOMER
586,0,211,5822.64,5,5,5,CHAMPION
652,0,48,1800.09,5,2,3,OCCASIONAL CUSTOMER
2258,0,49,1574.94,5,2,2,OCCASIONAL CUSTOMER
2080,0,130,5704.14,5,4,5,LOYALIST
380,0,129,7726.44,5,4,5,LOYALIST
1644,0,26,397.48,5,1,1,OCCASIONAL CUSTOMER
489,0,212,5866.56,5,5,5,CHAMPION
1138,0,212,4546.37,5,5,4,LOYALIST
906,0,382,7048.71,5,5,5,CHAMPION
2083,0,383,8308.39,5,5,5,CHAMPION
442,0,214,3094.71,5,5,4,LOYALIST
840,0,214,11944.57,5,5,5,CHAMPION
2071,0,215,1732.97,5,5,3,POTENTIAL LOYALIST
410,0,129,1148.42,5,4,2,REGULAR
1966,0,129,5307.89,5,4,5,LOYALIST
647,0,129,6326.74,5,4,5,LOYALIST
1265,0,49,1409.87,5,2,2,OCCASIONAL CUSTOMER
1229,0,385,18304.31,5,5,5,CHAMPION
889,0,216,12983.01,5,5,5,CHAMPION
1062,0,216,1495.76,5,5,2,REGULAR
2240,0,216,5413.2,5,5,5,CHAMPION
1803,0,216,14420.9,5,5,5,CHAMPION
608,0,217,5148.98,5,5,5,CHAMPION
361,0,217,8747.1,5,5,5,CHAMPION
104,0,128,6546.74,5,4,5,LOYALIST
997,0,92,4646.81,5,3,4,POTENTIAL LOYALIST
1240,0,217,11250.07,5,5,5,CHAMPION
1822,0,218,3516.44,5,5,4,LOYALIST
1154,0,127,3803.55,5,4,4,LOYALIST
1421,0,218,5535.2,5,5,5,CHAMPION
971,0,126,3676.15,5,4,4,LOYALIST
20,0,387,7486.11,5,5,5,CHAMPION
1158,0,219,2903.2,5,5,4,LOYALIST
1228,0,797,14503.89,5,5,5,CHAMPION
792,0,23,337.11,5,1,1,OCCASIONAL CUSTOMER
753,0,50,2177.13,5,2,3,OCCASIONAL CUSTOMER
1467,0,835,2957.82,5,5,4,LOYALIST
673,0,50,704.61,5,2,1,OCCASIONAL CUSTOMER
1907,0,388,8939.5,5,5,5,CHAMPION
1792,0,126,3140.33,5,4,4,LOYALIST
1440,0,100,2551.58,5,4,3,POTENTIAL LOYALIST
2057,0,125,3150.45,5,4,4,LOYALIST
2400,0,391,14681.32,5,5,5,CHAMPION
806,0,125,5875.35,5,4,5,LOYALIST
675,0,223,4832.38,5,5,4,LOYALIST
256,0,125,9850.35,5,4,5,LOYALIST
1901,0,852,11462.24,5,5,5,CHAMPION
1890,0,51,1934.45,5,2,3,OCCASIONAL CUSTOMER
2190,0,225,9520.85,5,5,5,CHAMPION
1084,0,225,2363.16,5,5,3,POTENTIAL LOYALIST
1981,0,100,1450.68,5,4,2,REGULAR
623,0,124,3899.16,5,4,4,LOYALIST
435,0,93,1817.22,5,3,3,POTENTIAL LOYALIST
818,0,52,1724.59,5,2,3,OCCASIONAL CUSTOMER
2148,0,124,3263.92,5,4,4,LOYALIST
2471,0,52,947.61,5,2,2,OCCASIONAL CUSTOMER
422,0,20,983.32,5,1,2,OCCASIONAL CUSTOMER
862,0,71,1753.9,5,3,3,POTENTIAL LOYALIST
1572,0,52,2544.41,5,2,3,OCCASIONAL CUSTOMER
33,0,52,1200.74,5,2,2,OCCASIONAL CUSTOMER
1592,0,52,2371.59,5,2,3,OCCASIONAL CUSTOMER
2298,0,83,2709.53,5,3,3,POTENTIAL LOYALIST
1999,0,52,783.33,5,2,2,OCCASIONAL CUSTOMER
2198,0,403,7205.88,5,5,5,CHAMPION
1969,0,230,2246.2,5,5,3,POTENTIAL LOYALIST
2296,0,230,13404.83,5,5,5,CHAMPION
830,0,231,1694.32,5,5,3,POTENTIAL LOYALIST
1725,0,19,826.74,5,1,2,OCCASIONAL CUSTOMER
1861,0,123,1868.45,5,4,3,POTENTIAL LOYALIST
1258,0,232,3502.45,5,5,4,LOYALIST
900,0,1223,16450.53,5,5,5,CHAMPION
316,0,53,1037.78,5,2,2,OCCASIONAL CUSTOMER
574,0,120,6753.54,5,4,5,LOYALIST
216,0,120,2624.5,5,4,3,POTENTIAL LOYALIST
604,0,56,2311.65,5,2,3,OCCASIONAL CUSTOMER
334,0,466,4827.8,5,5,4,LOYALIST
318,0,92,1242.25,5,3,2,REGULAR
2344,0,57,2690.84,5,2,3,OCCASIONAL CUSTOMER
178,0,119,2028.47,5,4,3,POTENTIAL LOYALIST
1869,0,119,3630.62,5,4,4,LOYALIST
420,0,99,2130.58,5,4,3,POTENTIAL LOYALIST
1528,0,239,8086.55,5,5,5,CHAMPION
727,0,118,4923.13,5,4,4,LOYALIST
824,0,57,1167.03,5,2,2,OCCASIONAL CUSTOMER
668,0,57,1151.04,5,2,2,OCCASIONAL CUSTOMER
2124,0,240,7859.41,5,5,5,CHAMPION
1363,0,58,4075.4,5,2,4,OCCASIONAL CUSTOMER
951,0,18,690.22,5,1,1,OCCASIONAL CUSTOMER
32,0,116,3381.82,5,4,4,LOYALIST
2423,0,59,2838.62,5,3,4,POTENTIAL LOYALIST
1133,0,115,1377.66,5,4,2,REGULAR
1337,0,244,11500.76,5,5,5,CHAMPION
762,0,886,8982.79,5,5,5,CHAMPION
1627,0,114,3484.02,5,4,4,LOYALIST
1535,0,247,8453.65,5,5,5,CHAMPION
124,0,61,683.41,5,3,1,REGULAR
2004,0,248,10053.87,5,5,5,CHAMPION
2125,0,113,4833.29,5,4,4,LOYALIST
1227,0,86,3810.36,5,3,4,POTENTIAL LOYALIST
1694,0,249,8055.47,5,5,5,CHAMPION
1515,0,99,4158.2,5,4,4,LOYALIST
1618,0,99,4562.48,5,4,4,LOYALIST
2202,0,18,319.9,5,1,1,OCCASIONAL CUSTOMER
1856,0,459,4661.53,5,5,4,LOYALIST
596,0,113,2996.37,5,4,4,LOYALIST
1414,0,17,274.03,5,1,1,OCCASIONAL CUSTOMER
740,0,113,6644.85,5,4,5,LOYALIST
1190,0,253,3327.02,5,5,4,LOYALIST
1245,0,254,4469.27,5,5,4,LOYALIST
567,0,254,3134.9,5,5,4,LOYALIST
891,0,113,7035.21,5,4,5,LOYALIST
418,0,256,6960.96,5,5,5,CHAMPION
1753,0,456,2964.05,5,5,4,LOYALIST
2225,0,98,3352.07,5,3,4,POTENTIAL LOYALIST
184,0,257,7090.07,5,5,5,CHAMPION
432,0,257,3486.55,5,5,4,LOYALIST
2000,0,61,552.29,5,3,1,REGULAR
1272,0,258,10019.45,5,5,5,CHAMPION
2315,0,9,266.1,5,1,1,OCCASIONAL CUSTOMER
2347,0,93,3232.55,5,3,4,POTENTIAL LOYALIST
412,0,112,2426.3,5,4,3,POTENTIAL LOYALIST
1483,0,112,4725.27,5,4,4,LOYALIST
1818,0,72,1333.43,5,3,2,REGULAR
239,0,264,4671.2,5,5,4,LOYALIST
64,0,264,3917.81,5,5,4,LOYALIST
1166,0,409,12300.62,5,5,5,CHAMPION
553,0,265,7259.09,5,5,5,CHAMPION
2170,0,266,6198.89,5,5,5,CHAMPION
1088,0,91,1439.61,5,3,2,REGULAR
2259,0,16,589.17,5,1,1,OCCASIONAL CUSTOMER
58,0,268,10367.08,5,5,5,CHAMPION
1098,0,449,9500.7,5,5,5,CHAMPION
1346,0,80,1174.31,5,3,2,REGULAR
242,0,87,5231.8,5,3,5,POTENTIAL LOYALIST
520,0,112,2071.15,5,4,3,POTENTIAL LOYALIST
2064,0,271,5424.85,5,5,5,CHAMPION
2006,0,111,4873.24,5,4,4,LOYALIST
282,0,110,4162.56,5,4,4,LOYALIST
1076,0,86,2241.01,5,3,3,POTENTIAL LOYALIST
2416,0,110,4422.98,5,4,4,LOYALIST
1639,0,110,2578.1,5,4,3,POTENTIAL LOYALIST
955,0,274,405.369.000.000.000.000.000.000.000,5,5,4,LOYALIST
23,0,110,3158.58,5,4,4,LOYALIST
76,0,16,315.94,5,1,1,OCCASIONAL CUSTOMER
1598,0,445,11516.83,5,5,5,CHAMPION
1269,0,109,2595.17,5,4,3,POTENTIAL LOYALIST
2194,0,404,7169.78,5,5,5,CHAMPION
1370,0,86,8531.89,5,3,5,POTENTIAL LOYALIST
19,0,421,11299.61,5,5,5,CHAMPION
2214,0,15,450.87,5,1,1,OCCASIONAL CUSTOMER
1129,0,73,2401.41,5,3,3,POTENTIAL LOYALIST
864,0,109,7892.97,5,4,5,LOYALIST
135,0,74,717.5,5,3,1,REGULAR
2191,0,15,780.92,5,1,2,OCCASIONAL CUSTOMER
1651,0,65,2025.08,5,3,3,POTENTIAL LOYALIST
1777,0,75,1169.97,5,3,2,REGULAR
1609,0,412,27859.68,5,5,5,CHAMPION
2088,0,109,4905.71,5,4,4,LOYALIST
2449,0,290,10866.87,5,5,5,CHAMPION
1686,0,95,1313.76,5,3,2,REGULAR
1041,0,291,7156.7,5,5,5,CHAMPION
1917,0,291,6788,5,5,5,CHAMPION
714,0,294,4117.34,5,5,4,LOYALIST
1717,0,88,1757.9,5,3,3,POTENTIAL LOYALIST
539,0,65,1269.09,5,3,2,REGULAR
2033,0,109,2512.78,5,4,3,POTENTIAL LOYALIST
2056,0,108,2450.8,5,4,3,POTENTIAL LOYALIST
323,0,14,156.99,5,1,1,OCCASIONAL CUSTOMER
1805,0,77,792.2,5,3,2,REGULAR
304,0,304,8586.28,5,5,5,CHAMPION
684,0,107,2052.67,5,4,3,POTENTIAL LOYALIST
681,0,66,2773.19,5,3,4,POTENTIAL LOYALIST
1892,0,307,5532.21,5,5,5,CHAMPION
1637,0,66,1170.13,5,3,2,REGULAR
800,0,443,10426.58,5,5,5,CHAMPION
400,0,310,18494.14,5,5,5,CHAMPION
1997,0,67,4295.68,5,3,4,POTENTIAL LOYALIST
1804,0,311,10251.19,5,5,5,CHAMPION
2270,0,312,4728.67,5,5,4,LOYALIST
2224,0,106,3984.1,5,4,4,LOYALIST
2134,0,89,9129.83,5,3,5,POTENTIAL LOYALIST
898,0,315,8355.23,5,5,5,CHAMPION
27,0,405,5736.24,5,5,5,CHAMPION
1885,0,13,265.35,5,1,1,OCCASIONAL CUSTOMER
1499,0,89,2106.09,5,3,3,POTENTIAL LOYALIST
2115,0,320,14774.86,5,5,5,CHAMPION
2241,0,79,1505.67,5,3,2,REGULAR
2102,0,106,3619.76,5,4,4,LOYALIST
275,0,321,6284.99,5,5,5,CHAMPION
1536,0,164,6960.19,5,5,5,CHAMPION
1718,0,35,868.69,5,2,2,OCCASIONAL CUSTOMER
2095,0,164,3790.49,5,5,4,LOYALIST
218,0,164,9211.72,5,5,5,CHAMPION
1622,0,106,3844.31,5,4,4,LOYALIST
2142,0,106,7631.12,5,4,5,LOYALIST
570,0,35,1400.11,5,2,2,OCCASIONAL CUSTOMER
18,0,163,7118.91,5,4,5,LOYALIST
609,0,162,1665.89,5,4,3,POTENTIAL LOYALIST
2402,0,36,1088.9,5,2,2,OCCASIONAL CUSTOMER
451,0,161,2376.28,5,4,3,POTENTIAL LOYALIST
371,0,161,15716.54,5,4,5,LOYALIST
2322,0,323,23646.92,5,5,5,CHAMPION
1982,0,160,4213.85,5,4,4,LOYALIST
474,0,36,2102.36,5,2,3,OCCASIONAL CUSTOMER
600,0,166,5520.3,5,5,5,CHAMPION
439,0,38,568.21,5,2,1,OCCASIONAL CUSTOMER
1914,0,157,4075.95,5,4,4,LOYALIST
2244,0,324,5477.2,5,5,5,CHAMPION
591,0,325,13534.93,5,5,5,CHAMPION
968,0,167,9805.11,5,5,5,CHAMPION
841,0,157,2550.37,5,4,3,POTENTIAL LOYALIST
2288,0,157,2093.06,5,4,3,POTENTIAL LOYALIST
633,0,167,5493.89,5,5,5,CHAMPION
2058,0,167,5970.57,5,5,5,CHAMPION
1260,0,168,11200.8,5,5,5,CHAMPION
230,0,168,4521.01,5,5,4,LOYALIST
1604,0,156,818.41,5,4,2,REGULAR
1211,0,168,9045.04,5,5,5,CHAMPION
1985,0,156,8605.36,5,4,5,LOYALIST
1769,0,156,7447.28,5,4,5,LOYALIST
1587,0,68,714.61,5,3,1,REGULAR
2075,0,155,4736.51,5,4,4,LOYALIST
956,0,621,10231.93,5,5,5,CHAMPION
2017,0,170,7106.62,5,5,5,CHAMPION
1020,0,171,9561.46,5,5,5,CHAMPION
1454,0,154,4934,5,4,4,LOYALIST
1995,0,154,15332.43,5,4,5,LOYALIST
694,0,154,1756.64,5,4,3,POTENTIAL LOYALIST
1164,0,104,4689.35,5,4,4,LOYALIST
463,0,587,5803.3,5,5,5,CHAMPION
560,0,326,7290.9,5,5,5,CHAMPION
550,0,39,854.91,5,2,2,OCCASIONAL CUSTOMER
957,0,576,3754.9,5,5,4,LOYALIST
295,0,5,149.31,5,1,1,OCCASIONAL CUSTOMER
531,0,40,1060.64,5,2,2,OCCASIONAL CUSTOMER
1612,0,151,8429.05,5,4,5,LOYALIST
1093,0,33,993.76,5,2,2,OCCASIONAL CUSTOMER
543,0,104,3697.55,5,4,4,LOYALIST
1037,0,33,1076.69,5,2,2,OCCASIONAL CUSTOMER
2262,0,151,1491,5,4,2,REGULAR
1845,0,151,12647.61,5,4,5,LOYALIST
2122,0,12,441.84,5,1,1,OCCASIONAL CUSTOMER
1640,0,151,4410.1,5,4,4,LOYALIST
301,0,81,7211.68,5,3,5,POTENTIAL LOYALIST
2261,0,429,13379.78,5,5,5,CHAMPION
1935,0,177,12371.26,5,5,5,CHAMPION
1549,0,177,1988.91,5,5,3,POTENTIAL LOYALIST
324,0,150,8554.87,5,4,5,LOYALIST
1155,0,41,2053.02,5,2,3,OCCASIONAL CUSTOMER
715,0,178,3712.14,5,5,4,LOYALIST
1058,0,563,3280.18,5,5,4,LOYALIST
2245,0,178,4614.02,5,5,4,LOYALIST
761,0,178,9036.01,5,5,5,CHAMPION
1510,0,1300,11211.37,5,5,5,CHAMPION
128,0,41,1381.08,5,2,2,OCCASIONAL CUSTOMER
468,0,334,5835.68,5,5,5,CHAMPION
286,0,41,1245.24,5,2,2,OCCASIONAL CUSTOMER
1812,0,104,1948.99,5,4,3,POTENTIAL LOYALIST
2019,0,337,13160.5,5,5,5,CHAMPION
2486,0,83,3265.52,5,3,4,POTENTIAL LOYALIST
1655,0,41,502.77,5,2,1,OCCASIONAL CUSTOMER
1833,0,83,2991.81,5,3,4,POTENTIAL LOYALIST
1005,0,180,2470.09,5,5,3,POTENTIAL LOYALIST
2338,0,69,2111.55,5,3,3,POTENTIAL LOYALIST
2460,0,32,966.05,5,1,2,OCCASIONAL CUSTOMER
393,0,180,3895.24,5,5,4,LOYALIST
1297,0,147,2733.28,5,4,3,POTENTIAL LOYALIST
1430,0,344,20352.99,5,5,5,CHAMPION
1762,0,344,15360.14,5,5,5,CHAMPION
867,0,182,6088.84,5,5,5,CHAMPION
1146,0,345,8854.64,5,5,5,CHAMPION
345,0,182,5741.08,5,5,5,CHAMPION
1948,0,83,1602.32,5,3,2,REGULAR
2203,0,103,5239.09,5,4,5,LOYALIST
1726,0,182,8131.91,5,5,5,CHAMPION
1857,0,82,1755.3,5,3,3,POTENTIAL LOYALIST
975,0,182,4769.31,5,5,4,LOYALIST
2252,0,346,9489.82,5,5,5,CHAMPION
69,0,183,5704.34,5,5,5,CHAMPION
2206,0,41,502.25,5,2,1,OCCASIONAL CUSTOMER
863,0,146,2183.53,5,4,3,POTENTIAL LOYALIST
443,0,103,2644.21,5,4,3,POTENTIAL LOYALIST
2438,0,184,3061.58,5,5,4,LOYALIST
1125,0,89,691.1,5,3,1,REGULAR
306,0,185,5716.73,5,5,5,CHAMPION
566,0,146,1218.08,5,4,2,REGULAR
1419,0,524,7634.57,5,5,5,CHAMPION
110,0,185,3461.32,5,5,4,LOYALIST
196,0,186,5261.19,5,5,5,CHAMPION
195,0,91,4166.72,5,3,4,POTENTIAL LOYALIST
1160,0,145,4377.96,5,4,4,LOYALIST
1631,0,353,10427.21,5,5,5,CHAMPION
1002,0,30,973.93,5,1,2,OCCASIONAL CUSTOMER
992,0,102,823.35,5,4,2,REGULAR
978,0,71,3014.35,5,3,4,POTENTIAL LOYALIST
1884,0,30,592.73,5,1,1,OCCASIONAL CUSTOMER
1558,0,145,4487.1,5,4,4,LOYALIST
575,0,356,11771.13,5,5,5,CHAMPION
117,0,94,2568.21,5,3,3,POTENTIAL LOYALIST
612,0,144,3978.72,5,4,4,LOYALIST
1369,0,144,3105.71,5,4,4,LOYALIST
2082,0,191,5082.41,5,5,4,LOYALIST
127,0,191,46.582.300.000.000.000.000.000.000,5,5,4,LOYALIST
1735,0,93,3902.77,5,3,4,POTENTIAL LOYALIST
215,0,142,1672.66,5,4,3,POTENTIAL LOYALIST
71,0,90,3376.03,5,3,4,POTENTIAL LOYALIST
1082,0,142,2032.54,5,4,3,POTENTIAL LOYALIST
930,0,43,966.88,5,2,2,OCCASIONAL CUSTOMER
1299,0,192,5959.57,5,5,5,CHAMPION
1994,0,43,1069,5,2,2,OCCASIONAL CUSTOMER
2034,0,140,3118.35,5,4,4,LOYALIST
2085,0,359,12894.57,5,5,5,CHAMPION
674,0,139,4727.57,5,4,4,LOYALIST
406,0,45,1776.65,5,2,3,OCCASIONAL CUSTOMER
