"segment","commodity_desc","total_tx","pct_in_segment","pct_in_population","affinity_index"
"CHAMPION","SANDWICHES","407","0.0804","0.0401","200.50"
"CHAMPION","NEWSPAPER","1912","0.3775","0.2074","182.02"
"CHAMPION","NO COMMODITY DESCRIPTION","745","0.1471","0.0906","162.36"
"CHAMPION","GARDEN CENTER","198","0.0391","0.0248","157.66"
"CHAMPION","DIETARY AID PRODUCTS","725","0.1432","0.0926","154.64"
"CHAMPION","LAXATIVES","440","0.0869","0.0571","152.19"
"CHAMPION","IMPORTED WINE","596","0.1177","0.0814","144.59"
"CHAMPION","COUPON/MISC ITEMS","7789","1.5380","1.0729","143.35"
"CHAMPION","IN-STORE PHOTOFINISHING","249","0.0492","0.0347","141.79"
"CHAMPION","JUICE","312","0.0616","0.0435","141.61"
"CHAMPION","VALENTINE","172","0.0340","0.0243","139.92"
"CHAMPION","DIAPERS & DISPOSABLES","1311","0.2589","0.1929","134.21"
"CHAMPION","FLORAL-FRESH CUT","633","0.1250","0.0939","133.12"
"CHAMPION","ADULT INCONTINENCE","142","0.0280","0.0213","131.46"
"CHAMPION","CAT LITTER","831","0.1641","0.1261","130.13"
"CHAMPION","STATIONERY & SCHOOL SUPPLIES","1739","0.3434","0.2644","129.88"
"CHAMPION","FLORAL-FLOWERING PLANTS","128","0.0253","0.0195","129.74"
"CHAMPION","BROOMS AND MOPS","900","0.1777","0.1377","129.05"
"CHAMPION","FRZN FRUITS","355","0.0701","0.0544","128.86"
"CHAMPION","ANTACIDS","475","0.0938","0.0728","128.85"
"CHAMPION","FACIAL TISS/DNR NAPKIN","1954","0.3858","0.3005","128.39"
"CHAMPION","EASTER","195","0.0385","0.0301","127.91"
"CHAMPION","ELECTRICAL SUPPPLIES","812","0.1603","0.1259","127.32"
"CHAMPION","DISHWASH DETERGENTS","1713","0.3383","0.2674","126.51"
"CHAMPION","NEW AGE","147","0.0290","0.0230","126.09"
"CHAMPION","BABY HBC","1132","0.2235","0.1782","125.42"
"CHAMPION","CAT FOOD","3965","0.7829","0.6245","125.36"
"CHAMPION","PREPARED FOOD","1204","0.2377","0.1897","125.30"
"CHAMPION","HAND/BODY/FACIAL PRODUCTS","841","0.1661","0.1326","125.26"
"CHAMPION","FROZEN CHICKEN","121","0.0239","0.0191","125.13"
"CHAMPION","SNACKS","348","0.0687","0.0552","124.46"
"CHAMPION","DOMESTIC WINE","1397","0.2759","0.2217","124.45"
"CHAMPION","CHRISTMAS  SEASONAL","698","0.1378","0.1113","123.81"
"CHAMPION","LAUNDRY ADDITIVES","1198","0.2366","0.1918","123.36"
"CHAMPION","PARTY TRAYS","111","0.0219","0.0178","123.03"
"CHAMPION","UNKNOWN","263","0.0519","0.0424","122.41"
"CHAMPION","HOUSEHOLD CLEANG NEEDS","2491","0.4919","0.4030","122.06"
"CHAMPION","BLEACH","902","0.1781","0.1473","120.91"
"CHAMPION","BATH","311","0.0614","0.0509","120.63"
"CHAMPION","BREAKFAST SWEETS","2075","0.4097","0.3400","120.50"
"CHAMPION","SALAD BAR","2229","0.4401","0.3661","120.21"
"LOST","INFANT FORMULA","112","0.1710","0.1111","153.92"
"LOST","CHICKEN/POULTRY","242","0.3696","0.2430","152.10"
"LOST","PWDR/CRYSTL DRNK MX","550","0.8400","0.5623","149.39"
"LOST","DINNER SAUSAGE","410","0.6262","0.4626","135.37"
"LOST","CAKES","166","0.2535","0.1957","129.54"
"LOST","SEAFOOD-FRESH","137","0.2092","0.1620","129.14"
"LOST","BREAKFAST SWEETS","287","0.4383","0.3400","128.91"
"LOST","PNT BTR/JELLY/JAMS","418","0.6384","0.4996","127.78"
"LOST","REFRGRATD JUICES/DRNKS","1008","1.5394","1.2123","126.98"
"LOST","DRY MIX DESSERTS","301","0.4597","0.3621","126.95"
"LOST","ROLLS","173","0.2642","0.2128","124.15"
"LOST","LUNCHMEAT","1099","1.6784","1.3546","123.90"
"LOST","VALUE ADDED FRUIT","212","0.3238","0.2629","123.16"
"LOST","DINNER MXS:DRY","608","0.9285","0.7563","122.77"
"LOST","HOT DOGS","366","0.5590","0.4588","121.84"
"LOST","MELONS","144","0.2199","0.1813","121.29"
"LOYALIST","DOMESTIC WINE","2151","0.3343","0.2217","150.79"
"LOYALIST","CIGARETTES","4091","0.6358","0.4746","133.97"
"LOYALIST","APPAREL","160","0.0249","0.0196","127.04"
"LOYALIST","ISOTONIC DRINKS","3132","0.4867","0.3921","124.13"
"LOYALIST","FALL AND WINTER SEASONAL","101","0.0157","0.0127","123.62"
"LOYALIST","FROZEN","826","0.1284","0.1057","121.48"
"LOYALIST","SUSHI","256","0.0398","0.0329","120.97"
"LOYALIST","GARDEN CENTER","192","0.0298","0.0248","120.16"
"OCCASIONAL CUSTOMER","PIES","382","0.1562","0.1164","134.19"
"OCCASIONAL CUSTOMER","J-HOOKS","121","0.0495","0.0369","134.15"
"OCCASIONAL CUSTOMER","SALADS/DIPS","944","0.3861","0.2940","131.33"
"OCCASIONAL CUSTOMER","MISC WINE","177","0.0724","0.0555","130.45"
"OCCASIONAL CUSTOMER","SYRUPS/TOPPINGS","162","0.0663","0.0515","128.74"
"OCCASIONAL CUSTOMER","HOT CEREAL","780","0.3190","0.2488","128.22"
"OCCASIONAL CUSTOMER","KITCHEN GADGETS","264","0.1080","0.0870","124.14"
"OCCASIONAL CUSTOMER","AUDIO/VIDEO PRODUCTS","125","0.0511","0.0413","123.73"
"OCCASIONAL CUSTOMER","DINNER MXS:DRY","2279","0.9322","0.7563","123.26"
"OCCASIONAL CUSTOMER","DRY MIX DESSERTS","1087","0.4446","0.3621","122.78"
"OCCASIONAL CUSTOMER","SMOKED MEATS","472","0.1931","0.1578","122.37"
"OCCASIONAL CUSTOMER","CAKES","584","0.2389","0.1957","122.07"
"OCCASIONAL CUSTOMER","TOYS AND GAMES","272","0.1113","0.0917","121.37"
"OCCASIONAL CUSTOMER","MEAT - MISC","1079","0.4413","0.3646","121.04"
"OCCASIONAL CUSTOMER","PLASTIC HOUSEWARES","294","0.1203","0.1000","120.30"
"POTENTIAL LOYALIST","BABYFOOD","341","0.0501","0.0183","273.77"
"POTENTIAL LOYALIST","BAKING","174","0.0256","0.0155","165.16"
"POTENTIAL LOYALIST","SUSHI","360","0.0529","0.0329","160.79"
"POTENTIAL LOYALIST","NON-DAIRY BEVERAGES","244","0.0358","0.0241","148.55"
"POTENTIAL LOYALIST","REFRIGERATED","2969","0.4361","0.2965","147.08"
"POTENTIAL LOYALIST","CONDIMENTS","165","0.0242","0.0176","137.50"
"POTENTIAL LOYALIST","WATER","825","0.1212","0.0885","136.95"
"POTENTIAL LOYALIST","FROZEN","973","0.1429","0.1057","135.19"
"POTENTIAL LOYALIST","BEVERAGE","138","0.0203","0.0155","130.97"
"POTENTIAL LOYALIST","INFANT FORMULA","977","0.1435","0.1111","129.16"
"POTENTIAL LOYALIST","INFANT CARE PRODUCTS","480","0.0705","0.0555","127.03"
"POTENTIAL LOYALIST","SNKS/CKYS/CRKR/CNDY","512","0.0752","0.0593","126.81"
"POTENTIAL LOYALIST","PREPARED/PKGD FOODS","330","0.0485","0.0383","126.63"
"POTENTIAL LOYALIST","CEREAL/BREAKFAST","626","0.0920","0.0734","125.34"
"POTENTIAL LOYALIST","ORGANICS FRUIT & VEGETABLES","2102","0.3088","0.2489","124.07"
"POTENTIAL LOYALIST","HOSIERY/SOCKS","295","0.0433","0.0355","121.97"
"REGULAR","NON-DAIRY BEVERAGES","156","0.0502","0.0241","208.30"
"REGULAR","PREPAID WIRELESS&ACCESSORIES","188","0.0606","0.0430","140.93"
"REGULAR","CEREAL/BREAKFAST","308","0.0992","0.0734","135.15"
"REGULAR","FRZN ICE","398","0.1282","0.0951","134.81"
"REGULAR","FROZEN - BOXED(GROCERY)","155","0.0499","0.0374","133.42"
"REGULAR","FLOUR & MEALS","516","0.1662","0.1289","128.94"
"REGULAR","CANNED MILK","293","0.0944","0.0750","125.87"
"REGULAR","PREPARED/PKGD FOODS","148","0.0477","0.0383","124.54"
"REGULAR","MISC WINE","212","0.0683","0.0555","123.06"
"REGULAR","PWDR/CRYSTL DRNK MX","2138","0.6886","0.5623","122.46"
"REGULAR","REFRGRATD JUICES/DRNKS","4585","1.4768","1.2123","121.82"
"REGULAR","SPRING/SUMMER SEASONAL","310","0.0999","0.0824","121.24"
"REGULAR","FRZN JCE CONC/DRNKS","405","0.1304","0.1083","120.41"
"RISK OF LOSING","FRZN JCE CONC/DRNKS","282","0.1950","0.1083","180.06"
"RISK OF LOSING","FUEL","176","0.1217","0.0689","176.63"
"RISK OF LOSING","CIGARETTES","1069","0.7390","0.4746","155.71"
"RISK OF LOSING","HOT DOGS","858","0.5931","0.4588","129.27"
"RISK OF LOSING","BACON","819","0.5662","0.4438","127.58"
"RISK OF LOSING","DINNER SAUSAGE","853","0.5897","0.4626","127.48"
"RISK OF LOSING","MEAT - MISC","671","0.4639","0.3646","127.24"
"RISK OF LOSING","DELI MEATS","1751","1.2105","0.9709","124.68"
"RISK OF LOSING","SHAVING CARE PRODUCTS","278","0.1922","0.1549","124.08"
"RISK OF LOSING","FITNESS&DIET","209","0.1445","0.1166","123.93"
"RISK OF LOSING","ROLLS","379","0.2620","0.2128","123.12"
"RISK OF LOSING","FROZEN PIZZA","2907","2.0097","1.6705","120.31"
