"monetary","total","persentase"
"8.17","1","0.04"
"19.58","1","0.04"
"27.51","1","0.04"
"28.96","1","0.04"
"29.34","1","0.04"
"33.39","1","0.04"
"38.94","1","0.04"
"39.44","1","0.04"
"42.96","1","0.04"
"50.49","1","0.04"
"52.40","1","0.04"
"55.64","1","0.04"
"59.52","1","0.04"
"62.06","1","0.04"
"66.33","1","0.04"
"68.45","1","0.04"
"69.32","1","0.04"
"69.94","1","0.04"
"70.04","1","0.04"
"72.91","1","0.04"
"76.40","1","0.04"
"76.53","1","0.04"
"77.44","1","0.04"
"79.41","1","0.04"
"83.88","1","0.04"
"84.21","1","0.04"
"84.82","1","0.04"
"86.19","1","0.04"
"88.59","1","0.04"
"91.65","1","0.04"
"92.54","1","0.04"
"93.78","1","0.04"
"96.48","1","0.04"
"96.91","1","0.04"
"101.30","1","0.04"
"103.09","1","0.04"
"103.65","1","0.04"
"105.69","1","0.04"
"106.36","1","0.04"
"111.15","1","0.04"
"111.34","1","0.04"
"117.69","1","0.04"
"118.69","1","0.04"
"119.80","1","0.04"
"120.01","1","0.04"
"120.07","1","0.04"
"120.28","1","0.04"
"121.91","1","0.04"
"122.95","1","0.04"
"125.52","1","0.04"
"128.98","1","0.04"
"131.52","1","0.04"
"131.83","1","0.04"
"133.50","1","0.04"
"133.68","1","0.04"
"134.40","1","0.04"
"134.89","1","0.04"
"135.23","1","0.04"
"135.61","1","0.04"
"137.63","1","0.04"
"140.84","1","0.04"
"149.01","1","0.04"
"149.25","1","0.04"
"149.31","1","0.04"
"152.21","1","0.04"
"156.55","1","0.04"
"156.99","1","0.04"
"158.42","1","0.04"
"158.48","1","0.04"
"158.93","1","0.04"
"159.05","1","0.04"
"159.96","1","0.04"
"160.02","1","0.04"
"160.06","1","0.04"
"161.48","1","0.04"
"161.75","1","0.04"
"161.78","1","0.04"
"161.99","1","0.04"
"163.57","1","0.04"
"164.49","1","0.04"
"166.78","1","0.04"
"168.98","1","0.04"
"170.06","1","0.04"
"172.07","1","0.04"
"172.85","1","0.04"
"173.31","1","0.04"
"177.56","1","0.04"
"178.68","1","0.04"
"178.70","1","0.04"
"181.51","1","0.04"
"182.10","1","0.04"
"182.19","1","0.04"
"183.04","1","0.04"
"183.80","1","0.04"
"184.02","1","0.04"
"187.09","1","0.04"
"188.49","1","0.04"
"188.54","1","0.04"
"189.66","1","0.04"
"190.78","1","0.04"
"195.27","1","0.04"
"196.11","1","0.04"
"197.39","1","0.04"
"199.73","1","0.04"
"202.06","1","0.04"
"203.01","1","0.04"
"203.17","1","0.04"
"203.94","1","0.04"
"209.00","1","0.04"
"212.05","1","0.04"
"215.58","1","0.04"
"217.60","1","0.04"
"222.22","1","0.04"
"224.86","1","0.04"
"226.71","2","0.08"
"230.06","1","0.04"
"230.35","1","0.04"
"230.85","1","0.04"
"231.66","1","0.04"
"233.45","1","0.04"
"234.34","1","0.04"
"234.37","1","0.04"
"234.97","1","0.04"
"240.09","1","0.04"
"240.85","1","0.04"
"241.41","1","0.04"
"242.24","1","0.04"
"242.32","1","0.04"
"247.12","1","0.04"
"247.93","1","0.04"
"249.34","1","0.04"
"249.70","1","0.04"
"251.33","1","0.04"
"251.95","1","0.04"
"252.31","1","0.04"
"253.11","1","0.04"
"255.24","1","0.04"
"255.58","1","0.04"
"258.53","1","0.04"
"260.04","1","0.04"
"260.64","1","0.04"
"260.65","1","0.04"
"261.06","1","0.04"
"262.42","1","0.04"
"263.27","1","0.04"
"264.72","1","0.04"
"265.04","1","0.04"
"265.35","1","0.04"
"266.10","1","0.04"
"266.21","1","0.04"
"267.19","1","0.04"
"269.54","1","0.04"
"270.60","1","0.04"
"271.41","1","0.04"
"271.88","1","0.04"
"272.52","1","0.04"
"273.81","1","0.04"
"274.03","1","0.04"
"274.39","1","0.04"
"275.01","1","0.04"
"276.13","1","0.04"
"277.14","1","0.04"
"278.28","1","0.04"
"278.87","1","0.04"
"279.20","1","0.04"
"284.31","1","0.04"
"286.02","1","0.04"
"292.10","1","0.04"
"293.19","1","0.04"
"295.23","1","0.04"
"296.52","1","0.04"
"297.05","1","0.04"
"297.97","1","0.04"
"298.65","1","0.04"
"298.97","1","0.04"
"299.38","1","0.04"
"301.41","1","0.04"
"303.01","1","0.04"
"303.60","1","0.04"
"304.26","1","0.04"
"304.84","1","0.04"
"304.85","1","0.04"
"304.98","1","0.04"
"306.37","1","0.04"
"307.87","1","0.04"
"307.91","1","0.04"
"310.64","1","0.04"
"311.59","1","0.04"
"312.50","1","0.04"
"313.37","1","0.04"
"313.41","1","0.04"
"313.65","1","0.04"
"313.83","1","0.04"
"315.15","1","0.04"
"315.94","1","0.04"
"319.90","1","0.04"
"320.14","1","0.04"
"320.58","1","0.04"
"321.35","1","0.04"
"323.27","1","0.04"
"323.99","1","0.04"
"324.22","1","0.04"
"325.68","1","0.04"
"325.77","1","0.04"
"326.88","1","0.04"
"330.68","1","0.04"
"332.46","1","0.04"
"336.09","1","0.04"
"336.95","1","0.04"
"337.11","1","0.04"
"337.21","1","0.04"
"337.98","1","0.04"
"338.28","1","0.04"
"339.59","1","0.04"
"340.34","1","0.04"
"341.54","1","0.04"
"344.06","1","0.04"
"344.92","1","0.04"
"346.40","1","0.04"
"347.31","1","0.04"
"349.81","1","0.04"
"350.94","1","0.04"
"351.39","1","0.04"
"353.80","1","0.04"
"356.10","1","0.04"
"357.78","1","0.04"
"357.99","1","0.04"
"359.29","1","0.04"
"360.07","1","0.04"
"360.43","1","0.04"
"361.01","1","0.04"
"361.42","1","0.04"
"361.88","1","0.04"
"362.90","1","0.04"
"365.61","1","0.04"
"368.07","1","0.04"
"369.59","1","0.04"
"370.30","1","0.04"
"370.53","1","0.04"
"372.87","1","0.04"
"373.71","1","0.04"
"373.83","1","0.04"
"374.48","1","0.04"
"377.49","1","0.04"
"382.55","1","0.04"
"384.69","1","0.04"
"385.56","1","0.04"
"386.60","1","0.04"
"387.34","1","0.04"
"390.16","1","0.04"
"390.70","1","0.04"
"392.87","1","0.04"
"393.50","1","0.04"
"395.47","1","0.04"
"395.95","1","0.04"
"397.48","1","0.04"
"400.83","1","0.04"
"400.94","1","0.04"
"401.41","1","0.04"
"401.47","1","0.04"
"401.62","1","0.04"
"401.88","1","0.04"
"403.26","1","0.04"
"404.96","1","0.04"
"405.54","1","0.04"
"405.83","1","0.04"
"406.25","1","0.04"
"406.96","1","0.04"
"407.38","1","0.04"
"409.73","1","0.04"
"411.45","1","0.04"
"412.54","1","0.04"
"412.75","1","0.04"
"420.02","1","0.04"
"423.32","1","0.04"
"423.51","1","0.04"
"425.04","1","0.04"
"427.63","1","0.04"
"429.06","1","0.04"
"429.79","1","0.04"
"431.76","1","0.04"
"434.77","1","0.04"
"435.26","1","0.04"
"437.77","1","0.04"
"439.03","1","0.04"
"440.42","1","0.04"
"441.84","1","0.04"
"442.14","1","0.04"
"442.64","1","0.04"
"443.31","1","0.04"
"445.65","1","0.04"
"447.60","1","0.04"
"447.91","1","0.04"
"448.34","1","0.04"
"450.33","1","0.04"
"450.87","1","0.04"
"454.57","1","0.04"
"458.22","1","0.04"
"459.17","1","0.04"
"460.68","1","0.04"
"464.56","1","0.04"
"464.64","1","0.04"
"471.11","1","0.04"
"475.73","1","0.04"
"476.14","1","0.04"
"477.17","1","0.04"
"478.13","1","0.04"
"478.59","1","0.04"
"479.24","1","0.04"
"481.77","1","0.04"
"485.24","1","0.04"
"485.80","1","0.04"
"486.72","1","0.04"
"488.48","1","0.04"
"488.49","1","0.04"
"490.41","1","0.04"
"490.98","1","0.04"
"491.62","1","0.04"
"492.03","1","0.04"
"492.72","1","0.04"
"493.37","1","0.04"
"494.57","1","0.04"
"497.41","1","0.04"
"498.06","1","0.04"
"500.14","1","0.04"
"502.25","1","0.04"
"502.77","1","0.04"
"504.92","1","0.04"
"510.80","1","0.04"
"511.12","1","0.04"
"511.41","1","0.04"
"511.62","1","0.04"
"511.78","1","0.04"
"512.53","1","0.04"
"514.63","1","0.04"
"516.34","1","0.04"
"518.16","1","0.04"
"520.29","1","0.04"
"520.32","1","0.04"
"521.04","1","0.04"
"522.30","1","0.04"
"527.30","1","0.04"
"528.65","1","0.04"
"531.67","1","0.04"
"532.20","1","0.04"
"534.57","1","0.04"
"534.98","1","0.04"
"537.60","1","0.04"
"540.10","1","0.04"
"540.76","1","0.04"
"540.90","1","0.04"
"541.99","1","0.04"
"542.87","1","0.04"
"542.89","1","0.04"
"546.78","1","0.04"
"546.99","1","0.04"
"547.41","1","0.04"
"547.82","1","0.04"
"548.32","1","0.04"
"549.59","1","0.04"
"550.48","1","0.04"
"551.87","1","0.04"
"552.18","1","0.04"
"552.29","1","0.04"
"552.85","1","0.04"
"553.57","1","0.04"
"555.56","1","0.04"
"555.64","1","0.04"
"559.76","1","0.04"
"561.03","1","0.04"
"561.48","1","0.04"
"562.77","1","0.04"
"563.64","1","0.04"
"564.40","1","0.04"
"566.51","1","0.04"
"567.87","1","0.04"
"568.21","1","0.04"
"569.05","1","0.04"
"570.03","1","0.04"
"570.15","1","0.04"
"573.06","1","0.04"
"575.87","1","0.04"
"577.62","1","0.04"
"579.72","1","0.04"
"581.45","1","0.04"
"582.45","1","0.04"
"587.37","1","0.04"
"587.47","1","0.04"
"589.17","1","0.04"
"589.60","1","0.04"
"590.71","1","0.04"
"592.36","1","0.04"
"592.73","1","0.04"
"594.23","1","0.04"
"595.00","1","0.04"
"595.22","1","0.04"
"596.88","1","0.04"
"598.62","1","0.04"
"599.54","1","0.04"
"601.25","1","0.04"
"603.45","1","0.04"
"604.95","1","0.04"
"606.50","1","0.04"
"608.58","1","0.04"
"609.75","1","0.04"
"610.22","1","0.04"
"615.78","1","0.04"
"616.72","1","0.04"
"619.75","1","0.04"
"620.56","1","0.04"
"622.22","1","0.04"
"622.80","1","0.04"
"623.45","1","0.04"
"624.33","1","0.04"
"625.64","1","0.04"
"629.58","1","0.04"
"629.90","1","0.04"
"630.19","1","0.04"
"633.92","1","0.04"
"638.80","1","0.04"
"639.30","1","0.04"
"644.33","1","0.04"
"645.36","1","0.04"
"645.39","1","0.04"
"646.40","1","0.04"
"647.72","1","0.04"
"647.90","1","0.04"
"648.40","1","0.04"
"649.33","1","0.04"
"652.34","1","0.04"
"655.77","1","0.04"
"657.52","1","0.04"
"660.79","1","0.04"
"660.92","1","0.04"
"664.80","1","0.04"
"664.98","1","0.04"
"667.97","1","0.04"
"668.96","1","0.04"
"670.43","1","0.04"
"672.09","1","0.04"
"674.35","1","0.04"
"677.46","1","0.04"
"678.72","1","0.04"
"680.23","1","0.04"
"682.23","1","0.04"
"682.46","1","0.04"
"683.13","1","0.04"
"683.26","1","0.04"
"683.41","1","0.04"
"685.63","1","0.04"
"690.22","1","0.04"
"690.39","1","0.04"
"690.42","1","0.04"
"691.10","1","0.04"
"691.30","1","0.04"
"691.45","1","0.04"
"693.40","1","0.04"
"693.86","1","0.04"
"694.70","1","0.04"
"696.28","1","0.04"
"696.38","1","0.04"
"698.06","1","0.04"
"698.36","1","0.04"
"699.16","1","0.04"
"700.96","1","0.04"
"701.00","1","0.04"
"704.61","1","0.04"
"706.13","1","0.04"
"713.90","1","0.04"
"714.31","1","0.04"
"714.61","1","0.04"
"715.98","1","0.04"
"717.50","1","0.04"
"717.71","1","0.04"
"718.00","1","0.04"
"718.46","1","0.04"
"727.45","1","0.04"
"728.93","1","0.04"
"729.22","1","0.04"
"729.82","1","0.04"
"736.42","1","0.04"
"738.34","1","0.04"
"739.72","1","0.04"
"740.46","1","0.04"
"741.83","1","0.04"
"742.85","1","0.04"
"742.95","1","0.04"
"746.74","1","0.04"
"748.07","1","0.04"
"748.88","1","0.04"
"751.89","1","0.04"
"753.36","1","0.04"
"753.42","1","0.04"
"753.95","1","0.04"
"754.05","1","0.04"
"757.95","1","0.04"
"758.74","1","0.04"
"759.8300000000000001110223","1","0.04"
"760.45","1","0.04"
"760.89","1","0.04"
"765.37","1","0.04"
"766.40","1","0.04"
"769.72","1","0.04"
"770.15","1","0.04"
"771.51","1","0.04"
"773.39","1","0.04"
"773.76","1","0.04"
"778.40","1","0.04"
"779.06","1","0.04"
"779.29","1","0.04"
"780.92","1","0.04"
"781.34","1","0.04"
"783.33","1","0.04"
"786.45","1","0.04"
"786.53","1","0.04"
"786.99","1","0.04"
"787.04","1","0.04"
"788.29","1","0.04"
"788.40","1","0.04"
"791.34","1","0.04"
"791.54","1","0.04"
"792.20","1","0.04"
"793.38","1","0.04"
"797.42","1","0.04"
"800.11","1","0.04"
"801.41","1","0.04"
"801.63","1","0.04"
"801.99","1","0.04"
"805.07","1","0.04"
"807.09","1","0.04"
"809.21","1","0.04"
"812.28","1","0.04"
"818.41","1","0.04"
"818.56","1","0.04"
"819.13","1","0.04"
"820.18","1","0.04"
"822.64","1","0.04"
"823.08","1","0.04"
"823.35","1","0.04"
"826.74","1","0.04"
"827.44","1","0.04"
"827.46","1","0.04"
"830.11","1","0.04"
"833.51","1","0.04"
"834.27","1","0.04"
"834.29","1","0.04"
"834.56","1","0.04"
"835.71","1","0.04"
"840.23","1","0.04"
"840.87","1","0.04"
"842.45","1","0.04"
"843.02","1","0.04"
"843.76","1","0.04"
"845.39","1","0.04"
"846.70","1","0.04"
"847.25","1","0.04"
"851.93","1","0.04"
"852.56","1","0.04"
"852.95","1","0.04"
"853.45","1","0.04"
"853.65","1","0.04"
"854.91","1","0.04"
"857.96","1","0.04"
"857.98","1","0.04"
"858.80","1","0.04"
"865.70","1","0.04"
"866.56","1","0.04"
"867.18","1","0.04"
"868.69","1","0.04"
"869.16","1","0.04"
"869.28","1","0.04"
"870.11","1","0.04"
"872.91","1","0.04"
"874.23","1","0.04"
"876.88","1","0.04"
"877.32","1","0.04"
"877.76","1","0.04"
"879.93","1","0.04"
"884.84","1","0.04"
"890.25","1","0.04"
"891.10","1","0.04"
"894.00","1","0.04"
"895.76","1","0.04"
"899.49","1","0.04"
"899.63","1","0.04"
"899.92","1","0.04"
"902.77","1","0.04"
"903.15","1","0.04"
"904.18","1","0.04"
"906.55","1","0.04"
"906.65","1","0.04"
"908.83","1","0.04"
"909.05","1","0.04"
"909.96","1","0.04"
"914.56","1","0.04"
"914.70","1","0.04"
"916.97","1","0.04"
"921.33","1","0.04"
"921.84","1","0.04"
"922.39","1","0.04"
"923.46","1","0.04"
"927.56","1","0.04"
"929.27","1","0.04"
"931.89","1","0.04"
"933.43","1","0.04"
"933.59","1","0.04"
"936.39","1","0.04"
"937.23","1","0.04"
"943.13","1","0.04"
"944.69","1","0.04"
"945.89","1","0.04"
"946.00","1","0.04"
"946.28","1","0.04"
"947.03","1","0.04"
"947.61","1","0.04"
"949.01","1","0.04"
"949.82","1","0.04"
"950.7700000000000004440892","1","0.04"
"954.21","1","0.04"
"960.18","1","0.04"
"964.88","1","0.04"
"966.05","1","0.04"
"966.88","1","0.04"
"970.11","1","0.04"
"970.95","1","0.04"
"971.12","1","0.04"
"972.47","1","0.04"
"972.53","1","0.04"
"972.68","1","0.04"
"973.93","1","0.04"
"975.2500000000000008881784","1","0.04"
"977.07","1","0.04"
"978.48","1","0.04"
"978.85","1","0.04"
"978.87","1","0.04"
"978.91","1","0.04"
"982.76","1","0.04"
"983.32","1","0.04"
"983.53","1","0.04"
"988.73","1","0.04"
"989.26","1","0.04"
"993.76","1","0.04"
"995.08","1","0.04"
"995.72","1","0.04"
"996.60","1","0.04"
"998.12","1","0.04"
"999.33","1","0.04"
"1000.84","1","0.04"
"1001.30","1","0.04"
"1003.87","1","0.04"
"1004.60","1","0.04"
"1004.89","1","0.04"
"1007.97","1","0.04"
"1017.86","1","0.04"
"1020.57","1","0.04"
"1020.70","1","0.04"
"1024.72","1","0.04"
"1029.47","1","0.04"
"1030.97","1","0.04"
"1032.63","1","0.04"
"1032.95","1","0.04"
"1034.95","1","0.04"
"1035.19","1","0.04"
"1036.52","1","0.04"
"1037.78","1","0.04"
"1038.52","1","0.04"
"1042.06","1","0.04"
"1042.35","1","0.04"
"1046.59","1","0.04"
"1050.39","1","0.04"
"1051.10","1","0.04"
"1051.12","1","0.04"
"1051.16","1","0.04"
"1052.48","1","0.04"
"1052.94","1","0.04"
"1055.29","1","0.04"
"1056.96","1","0.04"
"1057.56","1","0.04"
"1059.79","1","0.04"
"1060.24","1","0.04"
"1060.64","1","0.04"
"1062.17","1","0.04"
"1062.25","1","0.04"
"1064.84","1","0.04"
"1064.99","1","0.04"
"1066.62","1","0.04"
"1068.91","1","0.04"
"1069.00","1","0.04"
"1072.79","1","0.04"
"1073.01","1","0.04"
"1074.69","1","0.04"
"1076.69","1","0.04"
"1077.42","1","0.04"
"1078.06","1","0.04"
"1078.47","1","0.04"
"1083.62","1","0.04"
"1084.76","1","0.04"
"1086.56","1","0.04"
"1088.62","1","0.04"
"1088.90","1","0.04"
"1090.62","1","0.04"
"1091.08","1","0.04"
"1093.51","1","0.04"
"1095.10","1","0.04"
"1095.29","1","0.04"
"1097.50","1","0.04"
"1098.30","1","0.04"
"1098.51","1","0.04"
"1103.88","1","0.04"
"1107.54","1","0.04"
"1107.79","1","0.04"
"1111.69","1","0.04"
"1114.16","1","0.04"
"1114.44","1","0.04"
"1118.33","1","0.04"
"1119.51","1","0.04"
"1119.54","1","0.04"
"1120.90","1","0.04"
"1121.00","1","0.04"
"1121.20","1","0.04"
"1121.48","1","0.04"
"1123.16","1","0.04"
"1130.58","1","0.04"
"1131.65","1","0.04"
"1131.91","1","0.04"
"1132.40","1","0.04"
"1133.71","1","0.04"
"1137.28","1","0.04"
"1142.42","1","0.04"
"1142.86","1","0.04"
"1146.67","1","0.04"
"1147.99","1","0.04"
"1148.42","1","0.04"
"1148.68","1","0.04"
"1151.04","1","0.04"
"1152.32","1","0.04"
"1152.78","1","0.04"
"1153.05","1","0.04"
"1154.02","1","0.04"
"1158.11","1","0.04"
"1158.33","1","0.04"
"1159.32","1","0.04"
"1160.00","1","0.04"
"1160.57","1","0.04"
"1162.34","1","0.04"
"1163.62","1","0.04"
"1164.11","1","0.04"
"1164.18","1","0.04"
"1165.27","1","0.04"
"1166.63","1","0.04"
"1166.73","1","0.04"
"1167.03","1","0.04"
"1167.09","1","0.04"
"1168.94","1","0.04"
"1169.97","1","0.04"
"1170.13","1","0.04"
"1172.83","1","0.04"
"1174.31","1","0.04"
"1174.56","1","0.04"
"1179.61","1","0.04"
"1180.72","1","0.04"
"1181.63","1","0.04"
"1182.43","1","0.04"
"1182.47","1","0.04"
"1183.74","1","0.04"
"1188.61","1","0.04"
"1190.51","1","0.04"
"1192.68","1","0.04"
"1194.94","1","0.04"
"1195.65","1","0.04"
"1197.77","1","0.04"
"1198.02","1","0.04"
"1199.37","1","0.04"
"1200.11","1","0.04"
"1200.74","1","0.04"
"1201.03","1","0.04"
"1202.30","1","0.04"
"1202.51","1","0.04"
"1204.41","1","0.04"
"1204.49","1","0.04"
"1205.06","1","0.04"
"1208.09","1","0.04"
"1208.39","1","0.04"
"1209.04","1","0.04"
"1214.28","1","0.04"
"1217.16","1","0.04"
"1218.08","1","0.04"
"1219.71","1","0.04"
"1220.38","1","0.04"
"1220.81","1","0.04"
"1222.83","1","0.04"
"1223.56","1","0.04"
"1226.14","1","0.04"
"1226.29","1","0.04"
"1230.83","1","0.04"
"1231.17","1","0.04"
"1231.76","1","0.04"
"1233.92","1","0.04"
"1235.72","1","0.04"
"1236.98","1","0.04"
"1239.07","1","0.04"
"1241.87","1","0.04"
"1242.25","1","0.04"
"1243.06","1","0.04"
"1245.24","1","0.04"
"1248.19","1","0.04"
"1248.81","1","0.04"
"1249.26","1","0.04"
"1252.91","1","0.04"
"1253.40","1","0.04"
"1254.17","1","0.04"
"1255.55","1","0.04"
"1255.85","1","0.04"
"1260.29","1","0.04"
"1261.62","2","0.08"
"1267.76","1","0.04"
"1268.02","1","0.04"
"1269.09","1","0.04"
"1270.35","1","0.04"
"1271.09","1","0.04"
"1271.24","1","0.04"
"1273.30","1","0.04"
"1274.09","1","0.04"
"1274.78","1","0.04"
"1276.74","1","0.04"
"1286.54","1","0.04"
"1288.54","1","0.04"
"1290.68","1","0.04"
"1295.91","1","0.04"
"1301.65","1","0.04"
"1305.66","1","0.04"
"1308.76","1","0.04"
"1313.76","1","0.04"
"1315.4400000000000004440892","1","0.04"
"1315.54","1","0.04"
"1319.76","1","0.04"
"1321.85","1","0.04"
"1322.87","1","0.04"
"1323.34","1","0.04"
"1327.48","1","0.04"
"1330.22","1","0.04"
"1333.43","1","0.04"
"1334.18","1","0.04"
"1335.47","1","0.04"
"1336.14","1","0.04"
"1337.07","1","0.04"
"1337.70","1","0.04"
"1342.65","1","0.04"
"1343.03","1","0.04"
"1344.71","1","0.04"
"1345.59","1","0.04"
"1346.46","1","0.04"
"1348.56","1","0.04"
"1351.13","1","0.04"
"1357.55","1","0.04"
"1359.33","1","0.04"
"1366.97","1","0.04"
"1367.34","1","0.04"
"1368.97","1","0.04"
"1373.77","1","0.04"
"1375.52","1","0.04"
"1377.57","1","0.04"
"1377.66","1","0.04"
"1377.69","1","0.04"
"1379.36","1","0.04"
"1381.08","1","0.04"
"1381.73","1","0.04"
"1382.53","1","0.04"
"1385.93","1","0.04"
"1389.12","1","0.04"
"1389.32","1","0.04"
"1389.37","1","0.04"
"1390.25","1","0.04"
"1390.28","1","0.04"
"1393.24","1","0.04"
"1394.11","1","0.04"
"1396.45","1","0.04"
"1396.93","1","0.04"
"1399.89","1","0.04"
"1400.11","1","0.04"
"1404.36","1","0.04"
"1409.87","1","0.04"
"1411.25","1","0.04"
"1412.64","1","0.04"
"1413.52","1","0.04"
"1413.68","1","0.04"
"1415.38","1","0.04"
"1415.59","1","0.04"
"1415.65","1","0.04"
"1418.76","1","0.04"
"1419.88","1","0.04"
"1420.41","1","0.04"
"1425.40","1","0.04"
"1428.67","1","0.04"
"1428.90","1","0.04"
"1435.17","1","0.04"
"1439.19","1","0.04"
"1439.61","1","0.04"
"1446.23","1","0.04"
"1446.54","1","0.04"
"1449.58","1","0.04"
"1450.68","1","0.04"
"1452.29","1","0.04"
"1454.28","1","0.04"
"1455.43","1","0.04"
"1459.68","1","0.04"
"1460.12","1","0.04"
"1461.40","1","0.04"
"1461.82","1","0.04"
"1463.32","1","0.04"
"1469.02","1","0.04"
"1469.45","1","0.04"
"1470.49","1","0.04"
"1471.28","1","0.04"
"1473.27","1","0.04"
"1476.22","1","0.04"
"1482.54","1","0.04"
"1485.44","1","0.04"
"1487.21","1","0.04"
"1487.37","1","0.04"
"1487.99","1","0.04"
"1489.80","1","0.04"
"1489.89","1","0.04"
"1491.00","1","0.04"
"1492.81","1","0.04"
"1494.22","1","0.04"
"1495.08","1","0.04"
"1495.76","1","0.04"
"1497.56","1","0.04"
"1499.37","1","0.04"
"1502.20","1","0.04"
"1505.67","1","0.04"
"1506.50","1","0.04"
"1506.88","1","0.04"
"1508.04","1","0.04"
"1509.41","1","0.04"
"1510.63","1","0.04"
"1512.02","1","0.04"
"1512.08","1","0.04"
"1515.65","1","0.04"
"1517.18","1","0.04"
"1522.47","1","0.04"
"1523.80","1","0.04"
"1524.33","1","0.04"
"1525.02","1","0.04"
"1530.12","1","0.04"
"1530.44","1","0.04"
"1530.52","1","0.04"
"1530.88","1","0.04"
"1532.65","1","0.04"
"1535.13","1","0.04"
"1536.09","1","0.04"
"1538.01","1","0.04"
"1538.46","1","0.04"
"1540.45","1","0.04"
"1540.47","1","0.04"
"1543.63","1","0.04"
"1546.05","1","0.04"
"1551.2700000000000004440892","1","0.04"
"1552.43","1","0.04"
"1553.45","1","0.04"
"1553.53","1","0.04"
"1553.56","1","0.04"
"1555.15","1","0.04"
"1555.70","1","0.04"
"1556.84","1","0.04"
"1557.05","1","0.04"
"1557.13","1","0.04"
"1558.65","1","0.04"
"1560.67","1","0.04"
"1563.53","1","0.04"
"1564.35","1","0.04"
"1564.67","1","0.04"
"1565.89","1","0.04"
"1567.81","1","0.04"
"1567.89","1","0.04"
"1571.37","1","0.04"
"1572.61","1","0.04"
"1574.94","1","0.04"
"1586.58","2","0.08"
"1587.38","1","0.04"
"1591.78","1","0.04"
"1593.51","1","0.04"
"1594.8500000000000002220446","1","0.04"
"1594.87","1","0.04"
"1596.48","1","0.04"
"1599.08","1","0.04"
"1600.80","1","0.04"
"1600.99","1","0.04"
"1601.27","1","0.04"
"1602.00","1","0.04"
"1602.32","1","0.04"
"1605.98","1","0.04"
"1606.69","1","0.04"
"1615.94","1","0.04"
"1619.45","1","0.04"
"1634.22","1","0.04"
"1635.21","1","0.04"
"1637.41","1","0.04"
"1640.79","1","0.04"
"1642.49","1","0.04"
"1643.20","1","0.04"
"1645.25","1","0.04"
"1646.00","1","0.04"
"1647.20","1","0.04"
"1647.36","1","0.04"
"1650.64","1","0.04"
"1652.07","1","0.04"
"1657.11","1","0.04"
"1658.96","1","0.04"
"1665.51","1","0.04"
"1665.89","1","0.04"
"1668.30","1","0.04"
"1668.92","1","0.04"
"1669.89","1","0.04"
"1670.44","1","0.04"
"1670.82","1","0.04"
"1672.66","1","0.04"
"1674.23","1","0.04"
"1676.34","1","0.04"
"1676.76","1","0.04"
"1678.80","1","0.04"
"1679.38","1","0.04"
"1683.55","1","0.04"
"1685.64","1","0.04"
"1688.33","1","0.04"
"1688.90","1","0.04"
"1689.84","1","0.04"
"1691.72","1","0.04"
"1692.54","1","0.04"
"1694.32","1","0.04"
"1695.76","1","0.04"
"1696.61","1","0.04"
"1697.23","1","0.04"
"1698.95","1","0.04"
"1703.02","1","0.04"
"1704.27","1","0.04"
"1714.61","1","0.04"
"1716.05","1","0.04"
"1718.08","1","0.04"
"1720.64","1","0.04"
"1724.59","1","0.04"
"1727.97","1","0.04"
"1728.53","1","0.04"
"1732.97","1","0.04"
"1733.81","1","0.04"
"1737.84","1","0.04"
"1742.85","1","0.04"
"1743.69","1","0.04"
"1743.97","1","0.04"
"1752.50","1","0.04"
"1753.90","1","0.04"
"1755.30","1","0.04"
"1756.64","1","0.04"
"1757.51","1","0.04"
"1757.90","1","0.04"
"1764.07","1","0.04"
"1764.15","1","0.04"
"1764.76","1","0.04"
"1770.87","1","0.04"
"1770.91","1","0.04"
"1771.02","1","0.04"
"1772.91","1","0.04"
"1773.30","1","0.04"
"1776.65","1","0.04"
"1778.52","1","0.04"
"1778.67","1","0.04"
"1779.86","1","0.04"
"1783.07","1","0.04"
"1783.9800000000000008881784","1","0.04"
"1784.19","1","0.04"
"1785.46","1","0.04"
"1787.48","1","0.04"
"1789.10","1","0.04"
"1790.73","1","0.04"
"1791.28","1","0.04"
"1797.53","1","0.04"
"1800.09","1","0.04"
"1802.37","1","0.04"
"1802.93","1","0.04"
"1803.80","1","0.04"
"1805.63","1","0.04"
"1805.93","1","0.04"
"1806.02","1","0.04"
"1807.16","1","0.04"
"1816.62","1","0.04"
"1817.22","1","0.04"
"1821.03","1","0.04"
"1824.33","1","0.04"
"1826.73","1","0.04"
"1827.87","1","0.04"
"1828.64","1","0.04"
"1830.63","1","0.04"
"1830.83","1","0.04"
"1830.99","1","0.04"
"1831.14","1","0.04"
"1831.84","1","0.04"
"1832.03","1","0.04"
"1834.06","1","0.04"
"1834.08","1","0.04"
"1835.18","1","0.04"
"1845.46","1","0.04"
"1847.62","1","0.04"
"1848.52","1","0.04"
"1849.20","1","0.04"
"1850.07","1","0.04"
"1868.45","1","0.04"
"1869.79","1","0.04"
"1871.22","1","0.04"
"1872.52","1","0.04"
"1877.71","1","0.04"
"1878.48","1","0.04"
"1881.76","1","0.04"
"1882.81","1","0.04"
"1884.05","1","0.04"
"1885.95","1","0.04"
"1887.73","1","0.04"
"1888.13","1","0.04"
"1888.55","1","0.04"
"1889.45","1","0.04"
"1896.39","1","0.04"
"1896.50","1","0.04"
"1907.02","1","0.04"
"1910.40","1","0.04"
"1911.11","1","0.04"
"1915.28","1","0.04"
"1915.65","1","0.04"
"1915.95","1","0.04"
"1916.02","1","0.04"
"1919.79","1","0.04"
"1920.99","1","0.04"
"1926.03","1","0.04"
"1927.05","1","0.04"
"1927.33","1","0.04"
"1927.7400000000000001665335","1","0.04"
"1929.23","1","0.04"
"1934.11","1","0.04"
"1934.45","2","0.08"
"1937.39","1","0.04"
"1943.73","1","0.04"
"1948.99","1","0.04"
"1950.26","1","0.04"
"1953.06","1","0.04"
"1954.34","1","0.04"
"1955.25","1","0.04"
"1960.24","1","0.04"
"1962.26","1","0.04"
"1965.65","1","0.04"
"1966.38","1","0.04"
"1969.93","1","0.04"
"1973.54","1","0.04"
"1974.49","1","0.04"
"1975.04","1","0.04"
"1975.56","1","0.04"
"1976.48","1","0.04"
"1978.76","1","0.04"
"1978.83","1","0.04"
"1980.62","1","0.04"
"1984.58","1","0.04"
"1984.73","1","0.04"
"1985.86","1","0.04"
"1988.91","1","0.04"
"1988.97","1","0.04"
"1990.12","1","0.04"
"1991.29","1","0.04"
"1991.33","1","0.04"
"1993.06","1","0.04"
"1994.23","1","0.04"
"1994.47","1","0.04"
"2014.66","1","0.04"
"2017.18","1","0.04"
"2018.95","1","0.04"
"2019.25","1","0.04"
"2022.54","1","0.04"
"2023.37","1","0.04"
"2024.51","1","0.04"
"2025.08","1","0.04"
"2027.00","1","0.04"
"2028.47","1","0.04"
"2032.54","1","0.04"
"2035.10","1","0.04"
"2036.66","1","0.04"
"2036.84","1","0.04"
"2039.68","1","0.04"
"2041.45","1","0.04"
"2041.93","1","0.04"
"2042.17","1","0.04"
"2043.13","1","0.04"
"2044.85","1","0.04"
"2045.50","1","0.04"
"2047.26","1","0.04"
"2047.64","1","0.04"
"2049.58","1","0.04"
"2052.29","1","0.04"
"2052.67","1","0.04"
"2053.02","1","0.04"
"2053.56","1","0.04"
"2055.92","1","0.04"
"2057.47","1","0.04"
"2057.89","1","0.04"
"2057.90","1","0.04"
"2057.95","1","0.04"
"2059.76","1","0.04"
"2064.11","1","0.04"
"2065.10","1","0.04"
"2068.17","1","0.04"
"2068.50","1","0.04"
"2071.15","1","0.04"
"2073.62","1","0.04"
"2084.11","1","0.04"
"2086.12","1","0.04"
"2089.29","1","0.04"
"2089.80","1","0.04"
"2092.60","1","0.04"
"2093.06","1","0.04"
"2095.83","1","0.04"
"2096.12","1","0.04"
"2100.28","1","0.04"
"2101.05","1","0.04"
"2102.36","1","0.04"
"2103.40","1","0.04"
"2104.91","1","0.04"
"2106.09","1","0.04"
"2108.17","1","0.04"
"2111.55","1","0.04"
"2119.62","1","0.04"
"2120.93","1","0.04"
"2121.89","1","0.04"
"2124.23","1","0.04"
"2124.43","1","0.04"
"2125.51","1","0.04"
"2126.31","1","0.04"
"2130.58","1","0.04"
"2130.77","1","0.04"
"2137.62","1","0.04"
"2138.59","1","0.04"
"2138.71","1","0.04"
"2140.10","1","0.04"
"2141.64","1","0.04"
"2141.78","1","0.04"
"2143.87","1","0.04"
"2145.71","1","0.04"
"2154.25","1","0.04"
"2154.43","1","0.04"
"2154.63","1","0.04"
"2156.65","1","0.04"
"2158.85","1","0.04"
"2159.78","1","0.04"
"2160.82","1","0.04"
"2174.55","1","0.04"
"2175.19","1","0.04"
"2177.04","1","0.04"
"2177.13","1","0.04"
"2177.16","1","0.04"
"2177.52","1","0.04"
"2177.55","1","0.04"
"2180.22","1","0.04"
"2183.53","1","0.04"
"2185.28","1","0.04"
"2187.88","1","0.04"
"2194.3100000000000008881784","1","0.04"
"2196.58","1","0.04"
"2201.47","1","0.04"
"2206.06","1","0.04"
"2206.11","1","0.04"
"2208.34","1","0.04"
"2210.04","1","0.04"
"2211.08","1","0.04"
"2220.15","1","0.04"
"2220.85","1","0.04"
"2221.48","1","0.04"
"2222.05","1","0.04"
"2225.58","1","0.04"
"2232.75","1","0.04"
"2233.84","1","0.04"
"2237.21","1","0.04"
"2237.91","1","0.04"
"2239.34","1","0.04"
"2241.01","1","0.04"
"2244.06","1","0.04"
"2244.17","1","0.04"
"2245.76","1","0.04"
"2246.20","1","0.04"
"2246.36","1","0.04"
"2253.25","1","0.04"
"2256.45","1","0.04"
"2259.16","1","0.04"
"2260.46","1","0.04"
"2263.40","1","0.04"
"2265.90","1","0.04"
"2268.51","1","0.04"
"2275.67","1","0.04"
"2283.69","2","0.08"
"2285.59","1","0.04"
"2289.47","1","0.04"
"2290.54","1","0.04"
"2292.52","1","0.04"
"2294.62","1","0.04"
"2295.16","1","0.04"
"2298.84","1","0.04"
"2299.35","1","0.04"
"2301.40","1","0.04"
"2304.15","1","0.04"
"2305.00","1","0.04"
"2305.51","1","0.04"
"2311.65","1","0.04"
"2313.52","1","0.04"
"2315.07","1","0.04"
"2316.24","1","0.04"
"2317.90","1","0.04"
"2318.74","1","0.04"
"2323.92","1","0.04"
"2324.19","1","0.04"
"2325.59","1","0.04"
"2328.37","1","0.04"
"2329.13","1","0.04"
"2330.08","1","0.04"
"2330.87","1","0.04"
"2332.45","1","0.04"
"2333.16","1","0.04"
"2334.53","1","0.04"
"2335.47","1","0.04"
"2336.18","1","0.04"
"2339.27","1","0.04"
"2342.51","1","0.04"
"2354.22","1","0.04"
"2355.31","1","0.04"
"2359.12","1","0.04"
"2363.16","1","0.04"
"2363.78","1","0.04"
"2369.90","1","0.04"
"2371.59","1","0.04"
"2373.74","1","0.04"
"2375.86","1","0.04"
"2376.28","1","0.04"
"2377.09","1","0.04"
"2383.54","1","0.04"
"2384.25","1","0.04"
"2384.37","1","0.04"
"2389.20","1","0.04"
"2389.96","1","0.04"
"2392.72","1","0.04"
"2401.41","1","0.04"
"2401.78","1","0.04"
"2402.11","1","0.04"
"2404.81","1","0.04"
"2404.98","1","0.04"
"2408.11","1","0.04"
"2408.74","1","0.04"
"2415.49","1","0.04"
"2418.88","1","0.04"
"2421.39","1","0.04"
"2423.25","1","0.04"
"2425.66","1","0.04"
"2426.30","1","0.04"
"2426.35","1","0.04"
"2428.06","1","0.04"
"2435.12","1","0.04"
"2435.73","1","0.04"
"2437.06","1","0.04"
"2441.79","1","0.04"
"2445.87","1","0.04"
"2447.49","1","0.04"
"2448.60","1","0.04"
"2450.80","1","0.04"
"2452.88","1","0.04"
"2455.68","1","0.04"
"2457.51","1","0.04"
"2457.93","1","0.04"
"2460.98","1","0.04"
"2462.95","1","0.04"
"2465.12","1","0.04"
"2465.26","1","0.04"
"2466.05","1","0.04"
"2466.68","1","0.04"
"2470.09","1","0.04"
"2470.99","1","0.04"
"2473.76","1","0.04"
"2474.40","1","0.04"
"2474.49","1","0.04"
"2479.46","1","0.04"
"2479.97","1","0.04"
"2480.88","1","0.04"
"2485.87","1","0.04"
"2486.39","1","0.04"
"2486.64","1","0.04"
"2488.65","1","0.04"
"2488.77","1","0.04"
"2497.90","1","0.04"
"2500.86","1","0.04"
"2504.59","1","0.04"
"2505.14","1","0.04"
"2506.89","1","0.04"
"2508.24","1","0.04"
"2510.04","1","0.04"
"2511.33","1","0.04"
"2512.78","1","0.04"
"2513.39","1","0.04"
"2523.34","1","0.04"
"2525.24","1","0.04"
"2525.94","1","0.04"
"2530.45","1","0.04"
"2534.76","1","0.04"
"2537.43","1","0.04"
"2538.88","1","0.04"
"2542.45","2","0.08"
"2543.36","1","0.04"
"2544.41","1","0.04"
"2544.89","1","0.04"
"2547.30","1","0.04"
"2550.37","1","0.04"
"2551.58","1","0.04"
"2561.40","1","0.04"
"2563.57","1","0.04"
"2566.92","1","0.04"
"2568.21","1","0.04"
"2568.60","1","0.04"
"2578.05","1","0.04"
"2578.10","1","0.04"
"2581.82","1","0.04"
"2582.03","1","0.04"
"2585.60","1","0.04"
"2588.73","2","0.08"
"2590.15","1","0.04"
"2590.37","1","0.04"
"2591.43","1","0.04"
"2591.48","1","0.04"
"2593.01","1","0.04"
"2593.12","1","0.04"
"2593.56","1","0.04"
"2595.09","1","0.04"
"2595.17","1","0.04"
"2601.06","1","0.04"
"2601.56","1","0.04"
"2601.60","1","0.04"
"2602.28","1","0.04"
"2602.80","1","0.04"
"2612.40","1","0.04"
"2613.99","1","0.04"
"2619.23","1","0.04"
"2624.50","1","0.04"
"2626.98","1","0.04"
"2628.10","1","0.04"
"2631.11","1","0.04"
"2636.57","1","0.04"
"2637.78","1","0.04"
"2640.01","1","0.04"
"2640.47","1","0.04"
"2642.99","1","0.04"
"2644.21","1","0.04"
"2646.05","1","0.04"
"2653.21","1","0.04"
"2654.20","1","0.04"
"2656.90","1","0.04"
"2657.91","1","0.04"
"2660.28","1","0.04"
"2666.50","1","0.04"
"2667.13","1","0.04"
"2667.23","1","0.04"
"2667.34","1","0.04"
"2671.16","1","0.04"
"2671.77","1","0.04"
"2674.90","1","0.04"
"2678.56","1","0.04"
"2678.71","1","0.04"
"2678.78","1","0.04"
"2684.13","1","0.04"
"2689.99","1","0.04"
"2690.84","1","0.04"
"2690.97","1","0.04"
"2694.80","1","0.04"
"2696.50","1","0.04"
"2709.18","1","0.04"
"2709.53","1","0.04"
"2709.79","1","0.04"
"2711.79","1","0.04"
"2718.40","1","0.04"
"2718.99","1","0.04"
"2722.37","1","0.04"
"2722.81","1","0.04"
"2725.42","1","0.04"
"2728.77","1","0.04"
"2728.78","1","0.04"
"2731.15","1","0.04"
"2733.28","1","0.04"
"2735.20","1","0.04"
"2738.98","1","0.04"
"2745.75","1","0.04"
"2748.95","1","0.04"
"2757.24","1","0.04"
"2761.19","1","0.04"
"2762.80","1","0.04"
"2766.70","1","0.04"
"2766.97","1","0.04"
"2773.19","1","0.04"
"2779.14","1","0.04"
"2779.86","1","0.04"
"2789.51","1","0.04"
"2792.87","1","0.04"
"2800.81","1","0.04"
"2804.82","1","0.04"
"2806.27","1","0.04"
"2807.03","1","0.04"
"2808.91","1","0.04"
"2815.58","1","0.04"
"2818.00","1","0.04"
"2820.61","1","0.04"
"2822.18","1","0.04"
"2823.23","1","0.04"
"2823.59","1","0.04"
"2828.06","1","0.04"
"2835.99","1","0.04"
"2837.33","1","0.04"
"2838.62","1","0.04"
"2841.16","1","0.04"
"2841.4000000000000002220446","1","0.04"
"2841.56","1","0.04"
"2842.63","1","0.04"
"2846.81","1","0.04"
"2850.58","1","0.04"
"2858.85","1","0.04"
"2859.76","1","0.04"
"2860.07","1","0.04"
"2864.18","1","0.04"
"2875.24","1","0.04"
"2878.58","1","0.04"
"2879.29","1","0.04"
"2880.50","1","0.04"
"2885.70","1","0.04"
"2899.66","1","0.04"
"2901.09","1","0.04"
"2903.20","1","0.04"
"2910.61","1","0.04"
"2913.96","1","0.04"
"2929.72","1","0.04"
"2937.95","1","0.04"
"2938.15","1","0.04"
"2949.01","1","0.04"
"2949.56","1","0.04"
"2957.82","1","0.04"
"2959.65","1","0.04"
"2961.83","1","0.04"
"2964.05","1","0.04"
"2964.51","1","0.04"
"2968.51","1","0.04"
"2970.10","1","0.04"
"2970.14","1","0.04"
"2976.66","1","0.04"
"2981.04","1","0.04"
"2986.13","1","0.04"
"2987.49","1","0.04"
"2991.81","1","0.04"
"2991.96","1","0.04"
"2995.47","1","0.04"
"2996.18","1","0.04"
"2996.37","1","0.04"
"2996.69","1","0.04"
"2996.82","1","0.04"
"3002.09","1","0.04"
"3004.01","1","0.04"
"3010.24","1","0.04"
"3012.49","1","0.04"
"3012.96","1","0.04"
"3013.56","1","0.04"
"3014.08","1","0.04"
"3014.35","1","0.04"
"3019.20","1","0.04"
"3026.71","1","0.04"
"3027.00","1","0.04"
"3034.77","1","0.04"
"3037.54","1","0.04"
"3041.69","1","0.04"
"3046.86","1","0.04"
"3050.52","1","0.04"
"3052.66","1","0.04"
"3052.87","1","0.04"
"3055.52","1","0.04"
"3059.00","1","0.04"
"3059.57","1","0.04"
"3059.69","1","0.04"
"3060.36","1","0.04"
"3060.77","1","0.04"
"3061.58","1","0.04"
"3061.62","1","0.04"
"3061.90","1","0.04"
"3063.34","1","0.04"
"3064.87","1","0.04"
"3066.60","1","0.04"
"3073.33","1","0.04"
"3074.45","1","0.04"
"3074.68","1","0.04"
"3076.27","1","0.04"
"3082.47","1","0.04"
"3083.25","1","0.04"
"3089.74","1","0.04"
"3089.84","1","0.04"
"3093.53","1","0.04"
"3094.71","1","0.04"
"3096.94","1","0.04"
"3105.71","1","0.04"
"3105.870000000000001776357","1","0.04"
"3107.13","1","0.04"
"3111.55","1","0.04"
"3114.34","1","0.04"
"3114.77","1","0.04"
"3117.11","1","0.04"
"3117.66","1","0.04"
"3118.35","1","0.04"
"3120.79","1","0.04"
"3130.22","1","0.04"
"3134.90","1","0.04"
"3135.06","1","0.04"
"3135.38","1","0.04"
"3140.33","1","0.04"
"3149.65","1","0.04"
"3150.45","1","0.04"
"3151.31","1","0.04"
"3153.70","1","0.04"
"3158.58","1","0.04"
"3166.45","1","0.04"
"3170.28","1","0.04"
"3178.11","1","0.04"
"3179.15","1","0.04"
"3185.31","1","0.04"
"3194.17","1","0.04"
"3196.78","1","0.04"
"3199.53","1","0.04"
"3203.01","1","0.04"
"3205.80","1","0.04"
"3207.61","1","0.04"
"3208.19","1","0.04"
"3208.71","1","0.04"
"3209.39","1","0.04"
"3219.50","1","0.04"
"3222.65","1","0.04"
"3228.57","1","0.04"
"3229.28","1","0.04"
"3231.48","1","0.04"
"3232.55","1","0.04"
"3246.92","1","0.04"
"3263.92","1","0.04"
"3265.52","1","0.04"
"3268.33","1","0.04"
"3273.95","1","0.04"
"3280.18","1","0.04"
"3280.73","1","0.04"
"3290.01","1","0.04"
"3298.77","1","0.04"
"3303.85","1","0.04"
"3305.54","1","0.04"
"3312.46","1","0.04"
"3315.63","1","0.04"
"3323.12","1","0.04"
"3327.02","1","0.04"
"3336.99","1","0.04"
"3338.41","1","0.04"
"3339.00","1","0.04"
"3344.29","1","0.04"
"3346.72","1","0.04"
"3351.34","1","0.04"
"3352.07","1","0.04"
"3354.42","1","0.04"
"3354.90","1","0.04"
"3355.07","1","0.04"
"3356.90","1","0.04"
"3360.34","1","0.04"
"3361.43","1","0.04"
"3370.68","1","0.04"
"3376.03","1","0.04"
"3378.16","1","0.04"
"3378.34","1","0.04"
"3381.82","1","0.04"
"3386.78","1","0.04"
"3394.07","1","0.04"
"3400.05","1","0.04"
"3402.45","1","0.04"
"3409.06","1","0.04"
"3414.60","1","0.04"
"3425.70","1","0.04"
"3427.30","1","0.04"
"3433.27","1","0.04"
"3434.14","1","0.04"
"3436.26","1","0.04"
"3451.81","1","0.04"
"3455.32","1","0.04"
"3460.15","1","0.04"
"3461.32","1","0.04"
"3468.66","1","0.04"
"3480.63","1","0.04"
"3484.02","1","0.04"
"3486.55","1","0.04"
"3495.20","1","0.04"
"3501.07","1","0.04"
"3502.45","1","0.04"
"3505.21","1","0.04"
"3508.58","1","0.04"
"3509.78","1","0.04"
"3512.55","1","0.04"
"3513.02","1","0.04"
"3516.44","1","0.04"
"3529.19","1","0.04"
"3535.62","1","0.04"
"3546.81","1","0.04"
"3552.13","1","0.04"
"3571.60","1","0.04"
"3571.70","1","0.04"
"3581.52","1","0.04"
"3590.49","1","0.04"
"3594.48","1","0.04"
"3598.69","1","0.04"
"3616.03","1","0.04"
"3619.76","1","0.04"
"3630.62","1","0.04"
"3646.39","1","0.04"
"3652.97","1","0.04"
"3667.31","1","0.04"
"3667.44","1","0.04"
"3673.26","1","0.04"
"3676.15","1","0.04"
"3681.13","1","0.04"
"3696.76","1","0.04"
"3697.55","1","0.04"
"3703.42","1","0.04"
"3703.93","1","0.04"
"3708.72","1","0.04"
"3712.14","1","0.04"
"3722.22","1","0.04"
"3724.26","1","0.04"
"3724.48","1","0.04"
"3736.48","1","0.04"
"3740.16","1","0.04"
"3741.92","1","0.04"
"3742.89","1","0.04"
"3745.41","1","0.04"
"3749.64","1","0.04"
"3750.12","1","0.04"
"3754.90","1","0.04"
"3758.50","1","0.04"
"3762.97","1","0.04"
"3764.60","1","0.04"
"3766.27","1","0.04"
"3769.50","1","0.04"
"3772.03","1","0.04"
"3772.56","1","0.04"
"3777.98","1","0.04"
"3778.08","1","0.04"
"3778.75","1","0.04"
"3779.36","1","0.04"
"3784.62","1","0.04"
"3790.44","1","0.04"
"3790.49","1","0.04"
"3792.56","1","0.04"
"3794.61","1","0.04"
"3799.20","1","0.04"
"3799.80","1","0.04"
"3803.55","1","0.04"
"3807.15","1","0.04"
"3807.72","1","0.04"
"3810.36","1","0.04"
"3823.89","1","0.04"
"3824.87","1","0.04"
"3826.25","1","0.04"
"3827.02","1","0.04"
"3828.60","1","0.04"
"3839.36","1","0.04"
"3844.31","1","0.04"
"3850.53","1","0.04"
"3869.51","1","0.04"
"3871.04","1","0.04"
"3875.17","1","0.04"
"3882.88","1","0.04"
"3886.87","1","0.04"
"3888.44","1","0.04"
"3891.14","1","0.04"
"3891.97","1","0.04"
"3895.24","1","0.04"
"3899.16","1","0.04"
"3902.77","1","0.04"
"3914.84","1","0.04"
"3915.81","1","0.04"
"3917.34","1","0.04"
"3917.74","1","0.04"
"3917.81","1","0.04"
"3918.28","1","0.04"
"3919.37","1","0.04"
"3925.49","1","0.04"
"3948.53","1","0.04"
"3950.12","1","0.04"
"3950.96","1","0.04"
"3956.27","1","0.04"
"3957.66","1","0.04"
"3967.82","1","0.04"
"3978.72","1","0.04"
"3979.60","1","0.04"
"3982.87","1","0.04"
"3984.10","1","0.04"
"3992.67","1","0.04"
"3993.01","1","0.04"
"4009.62","1","0.04"
"4014.02","1","0.04"
"4019.44","1","0.04"
"4019.71","1","0.04"
"4019.91","1","0.04"
"4024.60","1","0.04"
"4025.59","1","0.04"
"4029.19","1","0.04"
"4031.08","1","0.04"
"4038.15","1","0.04"
"4040.81","1","0.04"
"4048.29","1","0.04"
"4053.15","1","0.04"
"4053.23","1","0.04"
"4053.69000000000000005551115","1","0.04"
"4064.45","1","0.04"
"4065.24","1","0.04"
"4067.80","1","0.04"
"4075.40","1","0.04"
"4075.95","1","0.04"
"4082.00","1","0.04"
"4093.12","1","0.04"
"4095.37","1","0.04"
"4107.85","1","0.04"
"4117.34","1","0.04"
"4120.16","1","0.04"
"4122.8300000000000002220446","1","0.04"
"4125.89","1","0.04"
"4131.73","1","0.04"
"4142.69","1","0.04"
"4142.87","1","0.04"
"4150.76","1","0.04"
"4154.95","1","0.04"
"4155.52","1","0.04"
"4158.20","1","0.04"
"4160.33","1","0.04"
"4162.56","1","0.04"
"4166.72","1","0.04"
"4199.76","1","0.04"
"4208.08","1","0.04"
"4209.35","1","0.04"
"4213.85","1","0.04"
"4219.18","1","0.04"
"4227.64","1","0.04"
"4232.12","1","0.04"
"4242.62","1","0.04"
"4255.83","1","0.04"
"4272.4100000000000002220446","1","0.04"
"4278.51","1","0.04"
"4295.11","1","0.04"
"4295.68","1","0.04"
"4296.33","1","0.04"
"4314.95","1","0.04"
"4324.03","1","0.04"
"4330.16","1","0.04"
"4332.45","1","0.04"
"4339.15","1","0.04"
"4339.66","1","0.04"
"4361.02","1","0.04"
"4377.96","1","0.04"
"4382.21","1","0.04"
"4383.72","1","0.04"
"4391.30","1","0.04"
"4391.58","1","0.04"
"4395.83","1","0.04"
"4396.90","1","0.04"
"4399.53","1","0.04"
"4400.26","1","0.04"
"4405.47","1","0.04"
"4410.10","1","0.04"
"4422.98","1","0.04"
"4430.01","1","0.04"
"4438.29","1","0.04"
"4443.15","1","0.04"
"4454.73","1","0.04"
"4456.52","1","0.04"
"4468.63","1","0.04"
"4469.22","1","0.04"
"4469.27","1","0.04"
"4487.10","1","0.04"
"4495.53","1","0.04"
"4499.85","1","0.04"
"4521.01","1","0.04"
"4526.21","1","0.04"
"4528.71","1","0.04"
"4546.37","1","0.04"
"4551.68","1","0.04"
"4562.48","1","0.04"
"4569.24","1","0.04"
"4574.92","1","0.04"
"4575.94","1","0.04"
"4583.46","1","0.04"
"4591.67","1","0.04"
"4593.26","1","0.04"
"4599.52","1","0.04"
"4603.98","1","0.04"
"4609.80","1","0.04"
"4614.02","1","0.04"
"4615.35","1","0.04"
"4616.14","1","0.04"
"4616.42","1","0.04"
"4627.48","1","0.04"
"4646.81","1","0.04"
"4648.88","1","0.04"
"4658.2300000000000008881784","1","0.04"
"4661.53","1","0.04"
"4661.63","1","0.04"
"4663.380000000000001776357","1","0.04"
"4671.20","1","0.04"
"4676.43","1","0.04"
"4678.61","1","0.04"
"4689.35","1","0.04"
"4695.59","1","0.04"
"4696.49","1","0.04"
"4713.85","1","0.04"
"4714.62","1","0.04"
"4715.42","1","0.04"
"4723.65","1","0.04"
"4723.80","1","0.04"
"4725.27","1","0.04"
"4727.57","1","0.04"
"4728.67","1","0.04"
"4729.01","1","0.04"
"4730.31","1","0.04"
"4733.62","1","0.04"
"4736.51","1","0.04"
"4754.88","1","0.04"
"4769.04","1","0.04"
"4769.31","1","0.04"
"4773.85","1","0.04"
"4775.56","1","0.04"
"4793.46","1","0.04"
"4801.85","1","0.04"
"4802.27","1","0.04"
"4802.87","1","0.04"
"4806.00","1","0.04"
"4808.01","1","0.04"
"4809.05","1","0.04"
"4814.66","1","0.04"
"4816.35","1","0.04"
"4821.89","1","0.04"
"4827.80","1","0.04"
"4828.58","1","0.04"
"4829.32","1","0.04"
"4830.00","1","0.04"
"4832.38","1","0.04"
"4833.29","1","0.04"
"4835.44","1","0.04"
"4835.71","1","0.04"
"4841.94","1","0.04"
"4844.96","1","0.04"
"4860.81","1","0.04"
"4861.95","1","0.04"
"4862.09","1","0.04"
"4866.06","1","0.04"
"4870.31","1","0.04"
"4871.09","1","0.04"
"4873.24","1","0.04"
"4879.67","1","0.04"
"4879.86","1","0.04"
"4890.1100000000000002220446","1","0.04"
"4893.11","1","0.04"
"4893.90","1","0.04"
"4898.25","1","0.04"
"4905.71","1","0.04"
"4911.53","1","0.04"
"4923.13","1","0.04"
"4923.16","1","0.04"
"4925.56","1","0.04"
"4926.37","1","0.04"
"4934.00","1","0.04"
"4937.27","1","0.04"
"4941.52","1","0.04"
"4948.11","1","0.04"
"4956.99","1","0.04"
"4960.77","1","0.04"
"4963.14","1","0.04"
"4967.07","1","0.04"
"4974.31","1","0.04"
"5008.79","1","0.04"
"5012.46","1","0.04"
"5018.78","1","0.04"
"5022.28","1","0.04"
"5029.86","1","0.04"
"5033.66","1","0.04"
"5040.28","1","0.04"
"5048.59","1","0.04"
"5050.53","1","0.04"
"5055.88","1","0.04"
"5060.44","1","0.04"
"5064.70","1","0.04"
"5078.05","1","0.04"
"5079.02","1","0.04"
"5080.04","1","0.04"
"5082.41","1","0.04"
"5089.66","1","0.04"
"5094.80","1","0.04"
"5097.28","2","0.08"
"5116.15","1","0.04"
"5116.58","1","0.04"
"5130.59","1","0.04"
"5134.89","1","0.04"
"5137.74","1","0.04"
"5139.63","1","0.04"
"5148.98","1","0.04"
"5159.40","1","0.04"
"5161.78","1","0.04"
"5167.16","1","0.04"
"5168.38","1","0.04"
"5187.13","1","0.04"
"5193.22","1","0.04"
"5199.98","1","0.04"
"5203.43","1","0.04"
"5224.07","1","0.04"
"5231.80","1","0.04"
"5239.09","1","0.04"
"5241.27","1","0.04"
"5246.67","1","0.04"
"5250.36","1","0.04"
"5254.66","1","0.04"
"5257.44","1","0.04"
"5261.19","1","0.04"
"5262.30","1","0.04"
"5266.00","1","0.04"
"5274.32","1","0.04"
"5274.46","1","0.04"
"5284.12","1","0.04"
"5297.13","1","0.04"
"5298.05","1","0.04"
"5303.53","1","0.04"
"5307.52","1","0.04"
"5307.89","1","0.04"
"5323.95","1","0.04"
"5339.03","1","0.04"
"5342.55","1","0.04"
"5351.41","1","0.04"
"5357.62","1","0.04"
"5380.22","1","0.04"
"5398.95","1","0.04"
"5399.64","1","0.04"
"5403.50","1","0.04"
"5411.36","1","0.04"
"5413.20","1","0.04"
"5424.85","1","0.04"
"5425.53","1","0.04"
"5428.25","1","0.04"
"5430.04","1","0.04"
"5431.01","1","0.04"
"5469.53","1","0.04"
"5477.20","1","0.04"
"5486.16","1","0.04"
"5487.28","1","0.04"
"5493.89","1","0.04"
"5500.03","1","0.04"
"5508.47","1","0.04"
"5519.02","1","0.04"
"5519.35","1","0.04"
"5520.30","1","0.04"
"5524.34","1","0.04"
"5532.21","1","0.04"
"5534.97","1","0.04"
"5535.09","1","0.04"
"5535.20","1","0.04"
"5536.40","1","0.04"
"5543.91","1","0.04"
"5547.83","1","0.04"
"5551.49","1","0.04"
"5553.70","1","0.04"
"5562.06","1","0.04"
"5565.4700000000000004440892","1","0.04"
"5582.79","1","0.04"
"5583.96","1","0.04"
"5592.54","1","0.04"
"5617.40","1","0.04"
"5617.79","1","0.04"
"5635.97","1","0.04"
"5637.51","1","0.04"
"5639.17","1","0.04"
"5644.07","1","0.04"
"5664.74","1","0.04"
"5666.66","1","0.04"
"5683.36","1","0.04"
"5685.67","1","0.04"
"5686.82","1","0.04"
"5697.25","1","0.04"
"5698.38","1","0.04"
"5704.14","1","0.04"
"5704.34","1","0.04"
"5706.01","1","0.04"
"5707.6000000000000004440892","1","0.04"
"5716.73","1","0.04"
"5731.87","1","0.04"
"5736.24","1","0.04"
"5741.08","1","0.04"
"5755.69","1","0.04"
"5758.71","1","0.04"
"5763.44","1","0.04"
"5763.97","1","0.04"
"5799.97","1","0.04"
"5803.30","1","0.04"
"5813.77","1","0.04"
"5822.64","1","0.04"
"5833.39","1","0.04"
"5835.68","1","0.04"
"5845.9600000000000006661338","1","0.04"
"5856.38","1","0.04"
"5866.56","1","0.04"
"5870.33","1","0.04"
"5874.46","1","0.04"
"5875.35","1","0.04"
"5887.36","1","0.04"
"5890.14","1","0.04"
"5897.90","1","0.04"
"5899.04","1","0.04"
"5900.81","1","0.04"
"5903.55","1","0.04"
"5915.73","1","0.04"
"5934.36","1","0.04"
"5935.57","1","0.04"
"5935.66","1","0.04"
"5950.89","1","0.04"
"5957.48","1","0.04"
"5959.57","1","0.04"
"5963.78","1","0.04"
"5970.47","1","0.04"
"5970.57","1","0.04"
"5980.72","1","0.04"
"5991.84","1","0.04"
"5996.16","1","0.04"
"6003.47","1","0.04"
"6009.24","1","0.04"
"6013.04","1","0.04"
"6019.77","1","0.04"
"6023.37","1","0.04"
"6035.21","1","0.04"
"6039.01","1","0.04"
"6060.38","1","0.04"
"6060.39","1","0.04"
"6071.52","1","0.04"
"6083.30","1","0.04"
"6088.84","1","0.04"
"6096.93","1","0.04"
"6097.47","1","0.04"
"6104.19","1","0.04"
"6107.18","1","0.04"
"6109.18","1","0.04"
"6156.22","1","0.04"
"6158.06","1","0.04"
"6161.21","1","0.04"
"6161.99","1","0.04"
"6172.13","1","0.04"
"6190.51","1","0.04"
"6198.89","1","0.04"
"6211.67","1","0.04"
"6225.45","1","0.04"
"6227.10","1","0.04"
"6237.46","1","0.04"
"6249.35","1","0.04"
"6256.04","1","0.04"
"6269.54","1","0.04"
"6284.99","1","0.04"
"6314.03","1","0.04"
"6320.64","1","0.04"
"6326.74","1","0.04"
"6327.51","1","0.04"
"6344.09","1","0.04"
"6378.80","1","0.04"
"6385.44","1","0.04"
"6406.99","1","0.04"
"6425.14","1","0.04"
"6437.62","1","0.04"
"6445.03","1","0.04"
"6452.83","1","0.04"
"6455.78","1","0.04"
"6458.78","1","0.04"
"6473.43","1","0.04"
"6494.31","1","0.04"
"6500.18","1","0.04"
"6528.36","1","0.04"
"6546.05","1","0.04"
"6546.74","1","0.04"
"6563.15","1","0.04"
"6574.23","1","0.04"
"6580.49","1","0.04"
"6593.81","1","0.04"
"6618.55","1","0.04"
"6628.70","1","0.04"
"6639.95","1","0.04"
"6644.85","1","0.04"
"6651.58","1","0.04"
"6651.93","1","0.04"
"6665.2200000000000002220446","1","0.04"
"6681.35","1","0.04"
"6691.53","1","0.04"
"6697.21","1","0.04"
"6699.49","1","0.04"
"6700.05","1","0.04"
"6713.51","1","0.04"
"6742.44","1","0.04"
"6749.19","1","0.04"
"6753.54","1","0.04"
"6759.92","1","0.04"
"6788.00","1","0.04"
"6798.79","1","0.04"
"6836.65","1","0.04"
"6876.56","1","0.04"
"6882.11","1","0.04"
"6885.69","1","0.04"
"6926.15","1","0.04"
"6933.72","1","0.04"
"6949.16","1","0.04"
"6960.19","1","0.04"
"6960.96","1","0.04"
"6974.46","1","0.04"
"6996.68","1","0.04"
"7035.21","1","0.04"
"7048.43","1","0.04"
"7048.71","1","0.04"
"7074.20","1","0.04"
"7089.49","1","0.04"
"7090.07","1","0.04"
"7099.56","1","0.04"
"7106.62","1","0.04"
"7111.98","1","0.04"
"7118.91","1","0.04"
"7148.28","1","0.04"
"7156.70","1","0.04"
"7164.99","1","0.04"
"7169.78","1","0.04"
"7177.06","1","0.04"
"7186.3700000000000002220446","1","0.04"
"7205.88","1","0.04"
"7209.25","1","0.04"
"7211.68","1","0.04"
"7246.20","1","0.04"
"7259.09","1","0.04"
"7274.10","1","0.04"
"7290.90","1","0.04"
"7343.87","1","0.04"
"7403.51","1","0.04"
"7414.10","1","0.04"
"7434.07","1","0.04"
"7435.38","1","0.04"
"7447.28","1","0.04"
"7456.64","1","0.04"
"7486.11","1","0.04"
"7514.20","1","0.04"
"7520.94","1","0.04"
"7527.27","1","0.04"
"7528.50","1","0.04"
"7539.55","1","0.04"
"7552.93","1","0.04"
"7631.12","1","0.04"
"7631.72","1","0.04"
"7634.50","1","0.04"
"7634.57","1","0.04"
"7659.67","1","0.04"
"7709.85","1","0.04"
"7726.44","1","0.04"
"7743.35","1","0.04"
"7746.27","1","0.04"
"7748.49","1","0.04"
"7769.22","1","0.04"
"7773.21","1","0.04"
"7824.64","1","0.04"
"7832.74","1","0.04"
"7859.41","1","0.04"
"7860.85","1","0.04"
"7875.78","1","0.04"
"7892.97","1","0.04"
"7903.36","1","0.04"
"7907.93","1","0.04"
"7954.28","1","0.04"
"7971.57","1","0.04"
"7988.73","1","0.04"
"7990.97","1","0.04"
"8003.99","1","0.04"
"8033.79","1","0.04"
"8039.29","1","0.04"
"8055.47","1","0.04"
"8074.12","1","0.04"
"8086.55","1","0.04"
"8105.74","1","0.04"
"8131.91","1","0.04"
"8205.68","1","0.04"
"8215.93000000000000011102230","1","0.04"
"8219.34","1","0.04"
"8271.31","1","0.04"
"8295.58","1","0.04"
"8297.94","1","0.04"
"8305.39","1","0.04"
"8308.39","1","0.04"
"8311.08","1","0.04"
"8335.74","1","0.04"
"8350.09","1","0.04"
"8354.55","1","0.04"
"8355.23","1","0.04"
"8381.66","1","0.04"
"8429.05","1","0.04"
"8433.43","1","0.04"
"8440.77","1","0.04"
"8449.68","1","0.04"
"8453.65","1","0.04"
"8458.21","1","0.04"
"8490.73","1","0.04"
"8523.93","1","0.04"
"8531.89","1","0.04"
"8535.06","1","0.04"
"8541.14","1","0.04"
"8550.73","1","0.04"
"8554.87","1","0.04"
"8586.28","1","0.04"
"8605.36","1","0.04"
"8612.85","1","0.04"
"8617.94","1","0.04"
"8631.61","1","0.04"
"8659.17","1","0.04"
"8673.11","1","0.04"
"8689.01","1","0.04"
"8700.15","1","0.04"
"8725.94","1","0.04"
"8729.87","1","0.04"
"8747.10","1","0.04"
"8749.76","1","0.04"
"8754.12","1","0.04"
"8793.19","1","0.04"
"8806.33","1","0.04"
"8823.83","1","0.04"
"8831.21","1","0.04"
"8831.35","1","0.04"
"8854.64","1","0.04"
"8887.75","1","0.04"
"8917.54","1","0.04"
"8939.50","1","0.04"
"8982.79","1","0.04"
"9025.51","1","0.04"
"9036.01","1","0.04"
"9045.04","1","0.04"
"9045.17","1","0.04"
"9072.28","1","0.04"
"9091.29","1","0.04"
"9129.23","1","0.04"
"9129.83","1","0.04"
"9155.01","1","0.04"
"9164.15","1","0.04"
"9204.22","1","0.04"
"9210.42","1","0.04"
"9211.72","1","0.04"
"9219.35","1","0.04"
"9265.32","1","0.04"
"9277.72","1","0.04"
"9300.73","1","0.04"
"9336.30","1","0.04"
"9353.85","1","0.04"
"9394.5800000000000008881784","1","0.04"
"9403.42","1","0.04"
"9428.40","1","0.04"
"9448.75","1","0.04"
"9456.83","1","0.04"
"9475.69","1","0.04"
"9481.75","1","0.04"
"9485.14","1","0.04"
"9489.82","1","0.04"
"9500.70","1","0.04"
"9520.85","1","0.04"
"9540.5400000000000002220446","1","0.04"
"9561.46","1","0.04"
"9618.90","1","0.04"
"9751.73","1","0.04"
"9800.02","1","0.04"
"9805.11","1","0.04"
"9850.35","1","0.04"
"10019.45","1","0.04"
"10053.87","1","0.04"
"10162.78","1","0.04"
"10165.13","1","0.04"
"10201.55","1","0.04"
"10231.93","1","0.04"
"10251.19","1","0.04"
"10353.00","1","0.04"
"10367.08","1","0.04"
"10426.58","1","0.04"
"10427.21","1","0.04"
"10435.96","1","0.04"
"10567.71","1","0.04"
"10601.50","1","0.04"
"10617.05","1","0.04"
"10685.72","1","0.04"
"10709.38","1","0.04"
"10732.91","1","0.04"
"10741.1000000000000004440892","1","0.04"
"10822.55","1","0.04"
"10848.11","1","0.04"
"10866.87","1","0.04"
"10942.88","1","0.04"
"10993.71","1","0.04"
"10995.71","1","0.04"
"11041.41","1","0.04"
"11200.80","1","0.04"
"11211.37","1","0.04"
"11229.71","1","0.04"
"11250.07","1","0.04"
"11276.80","1","0.04"
"11299.61","1","0.04"
"11412.20","1","0.04"
"11443.97","1","0.04"
"11462.24","1","0.04"
"11500.76","1","0.04"
"11516.83","1","0.04"
"11593.06","1","0.04"
"11615.66","1","0.04"
"11703.97","1","0.04"
"11711.02","1","0.04"
"11771.13","1","0.04"
"11835.02","1","0.04"
"11884.79","1","0.04"
"11920.93","1","0.04"
"11938.20","1","0.04"
"11944.57","1","0.04"
"11955.38","1","0.04"
"11984.59","1","0.04"
"12125.48","1","0.04"
"12130.01","1","0.04"
"12156.64","1","0.04"
"12228.09","1","0.04"
"12268.85","1","0.04"
"12300.62","1","0.04"
"12332.91","1","0.04"
"12371.26","1","0.04"
"12414.56","1","0.04"
"12470.03","1","0.04"
"12503.24","1","0.04"
"12559.61","1","0.04"
"12647.61","1","0.04"
"12695.25","1","0.04"
"12695.57","1","0.04"
"12729.34","1","0.04"
"12763.78","1","0.04"
"12850.56","1","0.04"
"12854.66","1","0.04"
"12894.57","1","0.04"
"12907.89","1","0.04"
"12983.01","1","0.04"
"13160.50","1","0.04"
"13190.92","1","0.04"
"13221.75","1","0.04"
"13262.10","1","0.04"
"13379.78","1","0.04"
"13404.83","1","0.04"
"13486.32","1","0.04"
"13497.29","1","0.04"
"13534.93","1","0.04"
"13785.55","1","0.04"
"13923.4500000000000008881784","1","0.04"
"13967.37","1","0.04"
"13995.22","1","0.04"
"14193.61","1","0.04"
"14279.70","1","0.04"
"14330.40","1","0.04"
"14420.90","1","0.04"
"14503.89","1","0.04"
"14681.32","1","0.04"
"14682.81","1","0.04"
"14715.53","1","0.04"
"14774.86","1","0.04"
"14855.21","1","0.04"
"14880.92","1","0.04"
"15178.96","1","0.04"
"15324.95","1","0.04"
"15332.43","1","0.04"
"15360.14","1","0.04"
"15716.54","1","0.04"
"16450.53","1","0.04"
"16616.78","1","0.04"
"16941.58","1","0.04"
"16960.59","1","0.04"
"17152.63","1","0.04"
"17251.53","1","0.04"
"17295.18","1","0.04"
"17332.13","1","0.04"
"17548.27","1","0.04"
"18304.31","1","0.04"
"18494.14","1","0.04"
"18790.34","1","0.04"
"18894.72","1","0.04"
"19153.750000000000001776357","1","0.04"
"19194.42","1","0.04"
"19299.86","1","0.04"
"20352.99","1","0.04"
"20671.50","1","0.04"
"21661.29","1","0.04"
"23646.92","1","0.04"
"27859.68","1","0.04"
"38319.79","1","0.04"
