"jenis_demographic","segmentasi","klasifikasi","total_rumah_tangga","persentase"
"kid_category_desc","CHAMPION","1","21","12.21"
"classification_4","CHAMPION","1","39","22.67"
"kid_category_desc","CHAMPION","2","11","6.40"
"classification_4","CHAMPION","2","43","25.00"
"classification_4","CHAMPION","3","20","11.63"
"kid_category_desc","CHAMPION","3+","15","8.72"
"classification_4","CHAMPION","4","12","6.98"
"classification_4","CHAMPION","5+","13","7.56"
"classification_1","CHAMPION","Age Group1","7","4.07"
"classification_1","CHAMPION","Age Group2","21","12.21"
"classification_1","CHAMPION","Age Group3","37","21.51"
"classification_1","CHAMPION","Age Group4","41","23.84"
"classification_1","CHAMPION","Age Group5","10","5.81"
"classification_1","CHAMPION","Age Group6","11","6.40"
"classification_5","CHAMPION","Group1","10","5.81"
"classification_5","CHAMPION","Group2","12","6.98"
"classification_5","CHAMPION","Group3","20","11.63"
"classification_5","CHAMPION","Group4","37","21.51"
"classification_5","CHAMPION","Group5","37","21.51"
"classification_5","CHAMPION","Group6","11","6.40"
"homeowner_desc","CHAMPION","Homeowner","85","49.42"
"classification_3","CHAMPION","Level1","6","3.49"
"classification_3","CHAMPION","Level10","2","1.16"
"classification_3","CHAMPION","Level12","2","1.16"
"classification_3","CHAMPION","Level2","5","2.91"
"classification_3","CHAMPION","Level3","10","5.81"
"classification_3","CHAMPION","Level4","28","16.28"
"classification_3","CHAMPION","Level5","36","20.93"
"classification_3","CHAMPION","Level6","13","7.56"
"classification_3","CHAMPION","Level7","6","3.49"
"classification_3","CHAMPION","Level8","12","6.98"
"classification_3","CHAMPION","Level9","7","4.07"
"kid_category_desc","CHAMPION","None/Unknown","80","46.51"
"homeowner_desc","CHAMPION","Probable Owner","1","0.58"
"homeowner_desc","CHAMPION","Probable Renter","2","1.16"
"homeowner_desc","CHAMPION","Renter","10","5.81"
"homeowner_desc","CHAMPION","Unknown","29","16.86"
"classification_2","CHAMPION","X","59","34.30"
"classification_2","CHAMPION","Y","52","30.23"
"classification_2","CHAMPION","Z","16","9.30"
"classification_3","CHAMPION",NULL,"45","26.16"
"kid_category_desc","CHAMPION",NULL,"45","26.16"
"classification_2","CHAMPION",NULL,"45","26.16"
"classification_5","CHAMPION",NULL,"45","26.16"
"classification_1","CHAMPION",NULL,"45","26.16"
"homeowner_desc","CHAMPION",NULL,"45","26.16"
"classification_4","CHAMPION",NULL,"45","26.16"
"classification_4","LOST","1","1","0.28"
"classification_4","LOST","2","2","0.57"
"classification_1","LOST","Age Group2","1","0.28"
"classification_1","LOST","Age Group6","2","0.57"
"classification_5","LOST","Group3","2","0.57"
"classification_5","LOST","Group5","1","0.28"
"homeowner_desc","LOST","Homeowner","1","0.28"
"classification_3","LOST","Level2","1","0.28"
"classification_3","LOST","Level3","1","0.28"
"classification_3","LOST","Level5","1","0.28"
"kid_category_desc","LOST","None/Unknown","3","0.85"
"homeowner_desc","LOST","Unknown","2","0.57"
"classification_2","LOST","X","2","0.57"
"classification_2","LOST","Z","1","0.28"
"classification_5","LOST",NULL,"349","99.15"
"kid_category_desc","LOST",NULL,"349","99.15"
"homeowner_desc","LOST",NULL,"349","99.15"
"classification_1","LOST",NULL,"349","99.15"
"classification_2","LOST",NULL,"349","99.15"
"classification_4","LOST",NULL,"349","99.15"
"classification_3","LOST",NULL,"349","99.15"
"kid_category_desc","LOYALIST","1","32","9.41"
"classification_4","LOYALIST","1","68","20.00"
"kid_category_desc","LOYALIST","2","22","6.47"
"classification_4","LOYALIST","2","83","24.41"
"classification_4","LOYALIST","3","34","10.00"
"kid_category_desc","LOYALIST","3+","15","4.41"
"classification_4","LOYALIST","4","17","5.00"
"classification_4","LOYALIST","5+","15","4.41"
"classification_1","LOYALIST","Age Group1","15","4.41"
"classification_1","LOYALIST","Age Group2","40","11.76"
"classification_1","LOYALIST","Age Group3","54","15.88"
"classification_1","LOYALIST","Age Group4","75","22.06"
"classification_1","LOYALIST","Age Group5","20","5.88"
"classification_1","LOYALIST","Age Group6","13","3.82"
"classification_5","LOYALIST","Group1","12","3.53"
"classification_5","LOYALIST","Group2","22","6.47"
"classification_5","LOYALIST","Group3","43","12.65"
"classification_5","LOYALIST","Group4","55","16.18"
"classification_5","LOYALIST","Group5","65","19.12"
"classification_5","LOYALIST","Group6","20","5.88"
"homeowner_desc","LOYALIST","Homeowner","130","38.24"
"classification_3","LOYALIST","Level1","24","7.06"
"classification_3","LOYALIST","Level10","5","1.47"
"classification_3","LOYALIST","Level11","2","0.59"
"classification_3","LOYALIST","Level12","7","2.06"
"classification_3","LOYALIST","Level2","22","6.47"
"classification_3","LOYALIST","Level3","20","5.88"
"classification_3","LOYALIST","Level4","49","14.41"
"classification_3","LOYALIST","Level5","46","13.53"
"classification_3","LOYALIST","Level6","25","7.35"
"classification_3","LOYALIST","Level7","9","2.65"
"classification_3","LOYALIST","Level8","4","1.18"
"classification_3","LOYALIST","Level9","4","1.18"
"kid_category_desc","LOYALIST","None/Unknown","148","43.53"
"homeowner_desc","LOYALIST","Probable Owner","3","0.88"
"homeowner_desc","LOYALIST","Probable Renter","4","1.18"
"homeowner_desc","LOYALIST","Renter","12","3.53"
"homeowner_desc","LOYALIST","Unknown","68","20.00"
"classification_2","LOYALIST","X","98","28.82"
"classification_2","LOYALIST","Y","87","25.59"
"classification_2","LOYALIST","Z","32","9.41"
"classification_3","LOYALIST",NULL,"123","36.18"
"classification_2","LOYALIST",NULL,"123","36.18"
"homeowner_desc","LOYALIST",NULL,"123","36.18"
"kid_category_desc","LOYALIST",NULL,"123","36.18"
"classification_4","LOYALIST",NULL,"123","36.18"
"classification_1","LOYALIST",NULL,"123","36.18"
"classification_5","LOYALIST",NULL,"123","36.18"
"classification_4","OCCASIONAL CUSTOMER","1","8","1.31"
"kid_category_desc","OCCASIONAL CUSTOMER","1","9","1.47"
"kid_category_desc","OCCASIONAL CUSTOMER","2","3","0.49"
"classification_4","OCCASIONAL CUSTOMER","2","15","2.45"
"classification_4","OCCASIONAL CUSTOMER","3","8","1.31"
"kid_category_desc","OCCASIONAL CUSTOMER","3+","5","0.82"
"classification_4","OCCASIONAL CUSTOMER","4","3","0.49"
"classification_4","OCCASIONAL CUSTOMER","5+","5","0.82"
"classification_1","OCCASIONAL CUSTOMER","Age Group1","2","0.33"
"classification_1","OCCASIONAL CUSTOMER","Age Group2","7","1.14"
"classification_1","OCCASIONAL CUSTOMER","Age Group3","8","1.31"
"classification_1","OCCASIONAL CUSTOMER","Age Group4","16","2.61"
"classification_1","OCCASIONAL CUSTOMER","Age Group5","2","0.33"
"classification_1","OCCASIONAL CUSTOMER","Age Group6","4","0.65"
"classification_5","OCCASIONAL CUSTOMER","Group1","3","0.49"
"classification_5","OCCASIONAL CUSTOMER","Group2","4","0.65"
"classification_5","OCCASIONAL CUSTOMER","Group3","5","0.82"
"classification_5","OCCASIONAL CUSTOMER","Group4","14","2.29"
"classification_5","OCCASIONAL CUSTOMER","Group5","12","1.96"
"classification_5","OCCASIONAL CUSTOMER","Group6","1","0.16"
"homeowner_desc","OCCASIONAL CUSTOMER","Homeowner","30","4.90"
"classification_3","OCCASIONAL CUSTOMER","Level1","2","0.33"
"classification_3","OCCASIONAL CUSTOMER","Level2","3","0.49"
"classification_3","OCCASIONAL CUSTOMER","Level3","3","0.49"
"classification_3","OCCASIONAL CUSTOMER","Level4","6","0.98"
"classification_3","OCCASIONAL CUSTOMER","Level5","10","1.63"
"classification_3","OCCASIONAL CUSTOMER","Level6","6","0.98"
"classification_3","OCCASIONAL CUSTOMER","Level7","3","0.49"
"classification_3","OCCASIONAL CUSTOMER","Level8","3","0.49"
"classification_3","OCCASIONAL CUSTOMER","Level9","3","0.49"
"kid_category_desc","OCCASIONAL CUSTOMER","None/Unknown","22","3.59"
"homeowner_desc","OCCASIONAL CUSTOMER","Unknown","9","1.47"
"classification_2","OCCASIONAL CUSTOMER","X","17","2.78"
"classification_2","OCCASIONAL CUSTOMER","Y","18","2.94"
"classification_2","OCCASIONAL CUSTOMER","Z","4","0.65"
"classification_4","OCCASIONAL CUSTOMER",NULL,"573","93.63"
"classification_1","OCCASIONAL CUSTOMER",NULL,"573","93.63"
"classification_2","OCCASIONAL CUSTOMER",NULL,"573","93.63"
"homeowner_desc","OCCASIONAL CUSTOMER",NULL,"573","93.63"
"classification_5","OCCASIONAL CUSTOMER",NULL,"573","93.63"
"kid_category_desc","OCCASIONAL CUSTOMER",NULL,"573","93.63"
"classification_3","OCCASIONAL CUSTOMER",NULL,"573","93.63"
"classification_4","POTENTIAL LOYALIST","1","86","16.35"
"kid_category_desc","POTENTIAL LOYALIST","1","33","6.27"
"kid_category_desc","POTENTIAL LOYALIST","2","19","3.61"
"classification_4","POTENTIAL LOYALIST","2","102","19.39"
"classification_4","POTENTIAL LOYALIST","3","29","5.51"
"kid_category_desc","POTENTIAL LOYALIST","3+","20","3.80"
"classification_4","POTENTIAL LOYALIST","4","18","3.42"
"classification_4","POTENTIAL LOYALIST","5+","20","3.80"
"classification_1","POTENTIAL LOYALIST","Age Group1","12","2.28"
"classification_1","POTENTIAL LOYALIST","Age Group2","53","10.08"
"classification_1","POTENTIAL LOYALIST","Age Group3","57","10.84"
"classification_1","POTENTIAL LOYALIST","Age Group4","93","17.68"
"classification_1","POTENTIAL LOYALIST","Age Group5","16","3.04"
"classification_1","POTENTIAL LOYALIST","Age Group6","24","4.56"
"classification_5","POTENTIAL LOYALIST","Group1","12","2.28"
"classification_5","POTENTIAL LOYALIST","Group2","33","6.27"
"classification_5","POTENTIAL LOYALIST","Group3","46","8.75"
"classification_5","POTENTIAL LOYALIST","Group4","58","11.03"
"classification_5","POTENTIAL LOYALIST","Group5","80","15.21"
"classification_5","POTENTIAL LOYALIST","Group6","26","4.94"
"homeowner_desc","POTENTIAL LOYALIST","Homeowner","165","31.37"
"classification_3","POTENTIAL LOYALIST","Level1","19","3.61"
"classification_3","POTENTIAL LOYALIST","Level10","3","0.57"
"classification_3","POTENTIAL LOYALIST","Level11","3","0.57"
"classification_3","POTENTIAL LOYALIST","Level12","1","0.19"
"classification_3","POTENTIAL LOYALIST","Level2","19","3.61"
"classification_3","POTENTIAL LOYALIST","Level3","28","5.32"
"classification_3","POTENTIAL LOYALIST","Level4","48","9.13"
"classification_3","POTENTIAL LOYALIST","Level5","72","13.69"
"classification_3","POTENTIAL LOYALIST","Level6","32","6.08"
"classification_3","POTENTIAL LOYALIST","Level7","11","2.09"
"classification_3","POTENTIAL LOYALIST","Level8","10","1.90"
"classification_3","POTENTIAL LOYALIST","Level9","9","1.71"
"kid_category_desc","POTENTIAL LOYALIST","None/Unknown","183","34.79"
"homeowner_desc","POTENTIAL LOYALIST","Probable Owner","3","0.57"
"homeowner_desc","POTENTIAL LOYALIST","Probable Renter","3","0.57"
"homeowner_desc","POTENTIAL LOYALIST","Renter","13","2.47"
"homeowner_desc","POTENTIAL LOYALIST","Unknown","71","13.50"
"classification_2","POTENTIAL LOYALIST","X","105","19.96"
"classification_2","POTENTIAL LOYALIST","Y","107","20.34"
"classification_2","POTENTIAL LOYALIST","Z","43","8.17"
"classification_3","POTENTIAL LOYALIST",NULL,"271","51.52"
"classification_1","POTENTIAL LOYALIST",NULL,"271","51.52"
"classification_5","POTENTIAL LOYALIST",NULL,"271","51.52"
"homeowner_desc","POTENTIAL LOYALIST",NULL,"271","51.52"
"classification_2","POTENTIAL LOYALIST",NULL,"271","51.52"
"kid_category_desc","POTENTIAL LOYALIST",NULL,"271","51.52"
"classification_4","POTENTIAL LOYALIST",NULL,"271","51.52"
"classification_4","REGULAR","1","44","12.57"
"kid_category_desc","REGULAR","1","13","3.71"
"kid_category_desc","REGULAR","2","4","1.14"
"classification_4","REGULAR","2","48","13.71"
"classification_4","REGULAR","3","13","3.71"
"kid_category_desc","REGULAR","3+","11","3.14"
"classification_4","REGULAR","4","2","0.57"
"classification_4","REGULAR","5+","10","2.86"
"classification_1","REGULAR","Age Group1","6","1.71"
"classification_1","REGULAR","Age Group2","17","4.86"
"classification_1","REGULAR","Age Group3","26","7.43"
"classification_1","REGULAR","Age Group4","48","13.71"
"classification_1","REGULAR","Age Group5","8","2.29"
"classification_1","REGULAR","Age Group6","12","3.43"
"classification_5","REGULAR","Group1","7","2.00"
"classification_5","REGULAR","Group2","19","5.43"
"classification_5","REGULAR","Group3","21","6.00"
"classification_5","REGULAR","Group4","19","5.43"
"classification_5","REGULAR","Group5","40","11.43"
"classification_5","REGULAR","Group6","11","3.14"
"homeowner_desc","REGULAR","Homeowner","68","19.43"
"classification_3","REGULAR","Level1","7","2.00"
"classification_3","REGULAR","Level10","1","0.29"
"classification_3","REGULAR","Level12","1","0.29"
"classification_3","REGULAR","Level2","18","5.14"
"classification_3","REGULAR","Level3","10","2.86"
"classification_3","REGULAR","Level4","30","8.57"
"classification_3","REGULAR","Level5","22","6.29"
"classification_3","REGULAR","Level6","13","3.71"
"classification_3","REGULAR","Level7","4","1.14"
"classification_3","REGULAR","Level8","6","1.71"
"classification_3","REGULAR","Level9","5","1.43"
"kid_category_desc","REGULAR","None/Unknown","89","25.43"
"homeowner_desc","REGULAR","Probable Owner","4","1.14"
"homeowner_desc","REGULAR","Probable Renter","1","0.29"
"homeowner_desc","REGULAR","Renter","4","1.14"
"homeowner_desc","REGULAR","Unknown","40","11.43"
"classification_2","REGULAR","X","40","11.43"
"classification_2","REGULAR","Y","62","17.71"
"classification_2","REGULAR","Z","15","4.29"
"classification_4","REGULAR",NULL,"233","66.57"
"classification_1","REGULAR",NULL,"233","66.57"
"homeowner_desc","REGULAR",NULL,"233","66.57"
"classification_3","REGULAR",NULL,"233","66.57"
"classification_5","REGULAR",NULL,"233","66.57"
"kid_category_desc","REGULAR",NULL,"233","66.57"
"classification_2","REGULAR",NULL,"233","66.57"
"classification_4","RISK OF LOSING","1","9","6.08"
"kid_category_desc","RISK OF LOSING","1","6","4.05"
"kid_category_desc","RISK OF LOSING","2","1","0.68"
"classification_4","RISK OF LOSING","2","25","16.89"
"classification_4","RISK OF LOSING","3","5","3.38"
"kid_category_desc","RISK OF LOSING","3+","3","2.03"
"classification_4","RISK OF LOSING","4","1","0.68"
"classification_4","RISK OF LOSING","5+","3","2.03"
"classification_1","RISK OF LOSING","Age Group1","4","2.70"
"classification_1","RISK OF LOSING","Age Group2","3","2.03"
"classification_1","RISK OF LOSING","Age Group3","12","8.11"
"classification_1","RISK OF LOSING","Age Group4","15","10.14"
"classification_1","RISK OF LOSING","Age Group5","3","2.03"
"classification_1","RISK OF LOSING","Age Group6","6","4.05"
"classification_5","RISK OF LOSING","Group1","3","2.03"
"classification_5","RISK OF LOSING","Group2","5","3.38"
"classification_5","RISK OF LOSING","Group3","7","4.73"
"classification_5","RISK OF LOSING","Group4","4","2.70"
"classification_5","RISK OF LOSING","Group5","20","13.51"
"classification_5","RISK OF LOSING","Group6","4","2.70"
"homeowner_desc","RISK OF LOSING","Homeowner","25","16.89"
"classification_3","RISK OF LOSING","Level1","3","2.03"
"classification_3","RISK OF LOSING","Level2","6","4.05"
"classification_3","RISK OF LOSING","Level3","5","3.38"
"classification_3","RISK OF LOSING","Level4","11","7.43"
"classification_3","RISK OF LOSING","Level5","5","3.38"
"classification_3","RISK OF LOSING","Level6","7","4.73"
"classification_3","RISK OF LOSING","Level7","1","0.68"
"classification_3","RISK OF LOSING","Level8","3","2.03"
"classification_3","RISK OF LOSING","Level9","2","1.35"
"kid_category_desc","RISK OF LOSING","None/Unknown","33","22.30"
"homeowner_desc","RISK OF LOSING","Probable Renter","1","0.68"
"homeowner_desc","RISK OF LOSING","Renter","3","2.03"
"homeowner_desc","RISK OF LOSING","Unknown","14","9.46"
"classification_2","RISK OF LOSING","X","19","12.84"
"classification_2","RISK OF LOSING","Y","18","12.16"
"classification_2","RISK OF LOSING","Z","6","4.05"
"classification_5","RISK OF LOSING",NULL,"105","70.95"
"classification_4","RISK OF LOSING",NULL,"105","70.95"
"classification_2","RISK OF LOSING",NULL,"105","70.95"
"kid_category_desc","RISK OF LOSING",NULL,"105","70.95"
"classification_1","RISK OF LOSING",NULL,"105","70.95"
"homeowner_desc","RISK OF LOSING",NULL,"105","70.95"
"classification_3","RISK OF LOSING",NULL,"105","70.95"
